source,target,Fisher_Z
Precuneus_L,Precuneus_R,1.6675
Cingulum_Mid_L,Cingulum_Mid_R,1.5947
Supp_Motor_Area_L,Supp_Motor_Area_R,1.5246
Paracentral_Lobule_L,Paracentral_Lobule_R,1.3717
Frontal_Sup_Medial_L,Frontal_Sup_Medial_R,1.3215
Parietal_Sup_L,Precuneus_L,1.3119
Frontal_Mid_L,Frontal_Mid_R,1.3068
Frontal_Sup_L,Frontal_Sup_R,1.2801
Precentral_L,Precentral_R,1.247
Frontal_Sup_L,Frontal_Mid_L,1.2298
Precentral_R,Postcentral_R,1.2117
Parietal_Sup_L,Parietal_Sup_R,1.2079
Cingulum_Post_L,Cingulum_Post_R,1.1861
Postcentral_L,Postcentral_R,1.1653
Precentral_L,Postcentral_L,1.1652
Parietal_Sup_L,Precuneus_R,1.1506
Cingulum_Ant_L,Cingulum_Ant_R,1.1504
Parietal_Sup_R,Precuneus_L,1.1463
Frontal_Sup_R,Frontal_Mid_R,1.1459
Precentral_R,Postcentral_L,1.1391
Frontal_Inf_Oper_R,Frontal_Inf_Tri_R,1.1374
Frontal_Inf_Oper_L,Frontal_Inf_Tri_L,1.1362
Frontal_Sup_L,Supp_Motor_Area_L,1.1267
Postcentral_L,Parietal_Inf_L,1.1245
Parietal_Sup_R,Precuneus_R,1.1193
Parietal_Sup_L,Parietal_Inf_L,1.1168
Supp_Motor_Area_R,Cingulum_Mid_R,1.1149
Supp_Motor_Area_R,Paracentral_Lobule_L,1.1142
Postcentral_R,Paracentral_Lobule_R,1.097
Frontal_Sup_R,Frontal_Sup_Medial_R,1.0963
Frontal_Sup_L,Frontal_Mid_R,1.0954
Precentral_L,Frontal_Mid_L,1.0922
Cingulum_Mid_L,Precuneus_L,1.0859
Supp_Motor_Area_L,Cingulum_Mid_L,1.0836
Parietal_Sup_R,Parietal_Inf_R,1.0818
Cingulum_Mid_L,Precuneus_R,1.0758
Supp_Motor_Area_R,Paracentral_Lobule_R,1.0714
Cingulum_Mid_R,Precuneus_R,1.069
Postcentral_R,Precuneus_L,1.0636
Supp_Motor_Area_R,Cingulum_Mid_L,1.0555
Frontal_Sup_L,Frontal_Sup_Medial_L,1.0532
Frontal_Sup_R,Supp_Motor_Area_R,1.0522
Cingulum_Post_L,Precuneus_R,1.0513
Supp_Motor_Area_L,Cingulum_Mid_R,1.0481
Frontal_Sup_R,Supp_Motor_Area_L,1.0455
Precentral_L,Frontal_Mid_R,1.0423
Supp_Motor_Area_L,Paracentral_Lobule_L,1.0329
Precentral_R,Frontal_Mid_R,1.0313
Cingulum_Post_L,Precuneus_L,1.0294
Cingulum_Mid_R,Precuneus_L,1.0268
Frontal_Sup_R,Frontal_Mid_L,1.0251
Precentral_R,Cingulum_Mid_R,1.025
Postcentral_R,Precuneus_R,1.0158
Cingulum_Mid_R,Postcentral_R,1.0096
Postcentral_R,Paracentral_Lobule_L,1.0036
Precentral_R,Supp_Motor_Area_R,1.003
Precentral_R,Frontal_Inf_Oper_R,1.0017
Thalamus_L,Thalamus_R,0.9958
Cingulum_Mid_L,Postcentral_R,0.9956
Postcentral_L,Precuneus_L,0.9953
Cingulum_Mid_L,Postcentral_L,0.9925
Precentral_R,Cingulum_Mid_L,0.9913
Supp_Motor_Area_L,Postcentral_L,0.99
Precentral_L,Supp_Motor_Area_L,0.9855
Supp_Motor_Area_R,Postcentral_R,0.9816
Parietal_Inf_L,Precuneus_R,0.9801
Parietal_Inf_R,SupraMarginal_R,0.9796
Rolandic_Oper_L,Insula_L,0.9795
Postcentral_R,Parietal_Inf_R,0.9785
Parietal_Inf_L,Precuneus_L,0.9774
Precentral_L,Cingulum_Mid_L,0.9769
Precuneus_L,Paracentral_Lobule_R,0.9758
Precentral_R,Supp_Motor_Area_L,0.9719
Insula_L,Putamen_L,0.9719
Postcentral_L,Paracentral_Lobule_L,0.9704
Frontal_Sup_L,Supp_Motor_Area_R,0.9661
Cingulum_Post_R,Precuneus_R,0.9636
Postcentral_L,Precuneus_R,0.9625
Cingulum_Mid_R,Postcentral_L,0.9586
Precentral_L,Cingulum_Mid_R,0.958
Cingulum_Mid_L,Paracentral_Lobule_R,0.952
Frontal_Sup_R,Cingulum_Mid_R,0.9487
Postcentral_R,Parietal_Sup_R,0.9464
Frontal_Mid_R,Cingulum_Mid_R,0.9448
Cingulum_Mid_R,Paracentral_Lobule_R,0.9424
Cingulum_Mid_R,Cingulum_Post_L,0.9411
Insula_L,Insula_R,0.9394
Postcentral_R,Parietal_Sup_L,0.9393
Parietal_Inf_R,Precuneus_L,0.9387
Postcentral_L,Parietal_Sup_L,0.9364
Precuneus_R,Paracentral_Lobule_R,0.9363
Supp_Motor_Area_R,Postcentral_L,0.9354
Cingulum_Mid_L,Paracentral_Lobule_L,0.9343
Frontal_Sup_R,Frontal_Sup_Medial_L,0.9324
Frontal_Mid_L,Supp_Motor_Area_L,0.9322
Precentral_L,Frontal_Sup_L,0.9321
Cingulum_Mid_L,Cingulum_Post_L,0.9321
Frontal_Inf_Oper_L,Frontal_Inf_Oper_R,0.9275
Precuneus_L,Paracentral_Lobule_L,0.9268
Postcentral_R,SupraMarginal_R,0.9257
Postcentral_R,Parietal_Inf_L,0.9163
Parietal_Inf_R,Precuneus_R,0.9161
Precentral_L,Supp_Motor_Area_R,0.9138
Frontal_Mid_R,Cingulum_Mid_L,0.9113
Frontal_Sup_L,Frontal_Sup_Medial_R,0.9096
Postcentral_L,Paracentral_Lobule_R,0.9086
Frontal_Mid_L,Cingulum_Mid_L,0.9082
Supp_Motor_Area_L,Postcentral_R,0.9069
Precentral_R,Frontal_Mid_L,0.9068
Rolandic_Oper_R,Insula_R,0.9068
Precentral_R,Precuneus_R,0.9062
Parietal_Sup_L,Parietal_Inf_R,0.9058
Frontal_Sup_L,Cingulum_Mid_R,0.9041
Insula_R,Putamen_R,0.8987
Frontal_Sup_L,Cingulum_Mid_L,0.8981
Precentral_L,Frontal_Inf_Oper_L,0.8971
Precentral_L,Postcentral_R,0.8967
Frontal_Mid_R,Supp_Motor_Area_L,0.8958
Precentral_R,Precuneus_L,0.8957
Cingulum_Mid_R,Cingulum_Post_R,0.8955
Frontal_Sup_R,Cingulum_Mid_L,0.8896
Frontal_Mid_R,Frontal_Sup_Medial_L,0.8895
Supp_Motor_Area_R,Precuneus_L,0.8894
Precentral_R,Frontal_Sup_R,0.8856
Frontal_Mid_L,Cingulum_Mid_R,0.8795
Parietal_Inf_L,Parietal_Inf_R,0.8774
Cingulum_Post_R,Precuneus_L,0.8767
Supp_Motor_Area_R,Precuneus_R,0.8764
Precentral_L,Frontal_Inf_Oper_R,0.8737
Frontal_Mid_L,Postcentral_L,0.8731
Frontal_Mid_R,Frontal_Sup_Medial_R,0.8731
Precentral_R,Paracentral_Lobule_L,0.8709
Cingulum_Mid_L,Parietal_Inf_L,0.8705
Precentral_L,Frontal_Sup_R,0.8676
Precentral_R,Paracentral_Lobule_R,0.8636
Frontal_Inf_Tri_L,Frontal_Inf_Tri_R,0.8624
Precentral_L,Precuneus_L,0.8603
Cingulum_Mid_R,Paracentral_Lobule_L,0.8597
Supp_Motor_Area_L,Paracentral_Lobule_R,0.8586
Supp_Motor_Area_L,Frontal_Sup_Medial_L,0.852
Frontal_Sup_Medial_R,Cingulum_Ant_R,0.8506
Precentral_L,Precuneus_R,0.8499
Parietal_Sup_R,Parietal_Inf_L,0.8497
Frontal_Mid_R,Frontal_Inf_Oper_R,0.8492
Supp_Motor_Area_L,Precuneus_L,0.8457
Parietal_Inf_R,Angular_R,0.8453
Frontal_Sup_R,Postcentral_R,0.843
Frontal_Mid_R,Postcentral_L,0.842
Precuneus_R,Paracentral_Lobule_L,0.8416
Supp_Motor_Area_L,Precuneus_R,0.841
Calcarine_L,Calcarine_R,0.8403
Frontal_Mid_R,Supp_Motor_Area_R,0.8397
Frontal_Sup_L,Postcentral_L,0.8373
Cuneus_L,Occipital_Sup_L,0.8371
Cingulum_Mid_L,Parietal_Sup_L,0.8368
Precentral_L,Cingulum_Post_L,0.8316
Precentral_L,Parietal_Inf_L,0.8302
Frontal_Mid_L,Supp_Motor_Area_R,0.8293
Precentral_R,Cingulum_Post_L,0.8287
Cuneus_R,Occipital_Sup_R,0.8277
Frontal_Sup_Medial_L,Cingulum_Ant_L,0.8257
Parietal_Sup_L,Paracentral_Lobule_R,0.8254
Insula_R,Putamen_L,0.8222
Cingulum_Mid_R,Parietal_Inf_L,0.8219
Parietal_Inf_L,Angular_L,0.8218
Frontal_Sup_Medial_L,Cingulum_Mid_R,0.8148
Cingulum_Mid_R,Parietal_Sup_L,0.8127
Frontal_Mid_R,Postcentral_R,0.8124
Precentral_R,Frontal_Sup_L,0.8124
Precentral_R,Parietal_Inf_L,0.8122
Postcentral_L,Parietal_Inf_R,0.8112
Cingulum_Mid_L,Cingulum_Post_R,0.8108
Frontal_Sup_Medial_R,Cingulum_Mid_R,0.8091
Frontal_Inf_Oper_R,Frontal_Sup_Medial_L,0.8083
Frontal_Inf_Oper_L,Frontal_Inf_Tri_R,0.8083
Cingulum_Post_L,Postcentral_L,0.8076
Frontal_Inf_Oper_L,Insula_L,0.8063
Parietal_Inf_L,SupraMarginal_L,0.8046
Cingulum_Post_L,Parietal_Inf_L,0.8026
Parietal_Sup_L,Paracentral_Lobule_L,0.8009
Cuneus_L,Cuneus_R,0.7981
Frontal_Mid_L,Frontal_Sup_Medial_L,0.7979
Frontal_Inf_Oper_R,Frontal_Sup_Medial_R,0.7954
Frontal_Mid_L,Frontal_Sup_Medial_R,0.7944
Frontal_Sup_R,Postcentral_L,0.7936
Frontal_Sup_Medial_R,Cingulum_Ant_L,0.7929
Supp_Motor_Area_R,Frontal_Sup_Medial_R,0.7908
Calcarine_R,Lingual_R,0.7901
Supp_Motor_Area_R,Frontal_Sup_Medial_L,0.7875
SupraMarginal_R,Angular_R,0.783
Supp_Motor_Area_L,Frontal_Sup_Medial_R,0.7828
Precentral_R,Parietal_Inf_R,0.7821
Frontal_Mid_R,Frontal_Inf_Tri_R,0.7808
Precentral_L,Cingulum_Post_R,0.7797
Frontal_Sup_Medial_L,Cingulum_Mid_L,0.7793
Cingulum_Post_L,Postcentral_R,0.779
Cingulum_Post_L,Parietal_Sup_L,0.7777
Precentral_L,Frontal_Sup_Medial_L,0.7776
Precentral_R,Cingulum_Post_R,0.7774
Precentral_R,Frontal_Sup_Medial_R,0.7746
Cingulum_Post_R,Postcentral_L,0.7741
Frontal_Inf_Oper_L,Postcentral_L,0.7738
Frontal_Inf_Oper_R,Frontal_Inf_Tri_L,0.7734
Frontal_Inf_Oper_R,Postcentral_L,0.769
Putamen_L,Putamen_R,0.7675
Precentral_R,Parietal_Sup_L,0.7651
Cingulum_Mid_R,Parietal_Inf_R,0.7642
Postcentral_L,Parietal_Sup_R,0.7623
Frontal_Sup_Medial_R,Cingulum_Mid_L,0.7621
Frontal_Inf_Oper_L,Frontal_Sup_Medial_L,0.7616
Heschl_L,Temporal_Sup_L,0.7615
Cingulum_Mid_L,Parietal_Inf_R,0.7611
Frontal_Mid_L,Frontal_Inf_Tri_L,0.7596
Precentral_L,Paracentral_Lobule_L,0.7593
Parietal_Sup_R,Angular_R,0.7589
Parietal_Sup_R,Paracentral_Lobule_R,0.7574
Frontal_Sup_Medial_L,Cingulum_Ant_R,0.7567
Angular_R,Precuneus_R,0.7566
Frontal_Inf_Oper_R,Insula_L,0.7561
Precentral_R,Frontal_Sup_Medial_L,0.755
Precentral_L,Frontal_Sup_Medial_R,0.7457
Precentral_L,Parietal_Sup_L,0.7454
Postcentral_L,SupraMarginal_L,0.7446
Frontal_Sup_R,Precuneus_L,0.7441
Cingulum_Mid_R,Parietal_Sup_R,0.7437
Parietal_Inf_L,Paracentral_Lobule_L,0.7419
Precentral_L,Frontal_Inf_Tri_L,0.7406
Supp_Motor_Area_L,Parietal_Inf_L,0.74
Cingulum_Mid_L,Parietal_Sup_R,0.7392
Insula_L,Putamen_R,0.739
Supp_Motor_Area_L,Cingulum_Post_L,0.7383
Frontal_Inf_Oper_R,Cingulum_Mid_R,0.7377
Lingual_L,Lingual_R,0.7377
Frontal_Sup_Medial_L,Postcentral_L,0.7377
Supp_Motor_Area_R,Parietal_Sup_L,0.7372
SupraMarginal_R,Precuneus_R,0.7369
Supp_Motor_Area_R,Cingulum_Post_L,0.7364
Frontal_Mid_L,Frontal_Inf_Oper_R,0.7351
Precentral_R,Frontal_Inf_Tri_R,0.7345
Frontal_Inf_Oper_R,Postcentral_R,0.7317
Frontal_Sup_L,Postcentral_R,0.7314
Frontal_Inf_Oper_R,Cingulum_Mid_L,0.7311
SupraMarginal_R,Precuneus_L,0.7309
Calcarine_L,Cuneus_L,0.7308
Frontal_Sup_R,Precuneus_R,0.7306
Parietal_Inf_L,Paracentral_Lobule_R,0.728
Precentral_L,Paracentral_Lobule_R,0.7263
Precentral_R,Frontal_Inf_Oper_L,0.7261
Frontal_Sup_L,Precuneus_L,0.7254
Frontal_Mid_L,Postcentral_R,0.7251
Frontal_Mid_R,Cingulum_Post_L,0.7244
Cingulum_Post_R,Postcentral_R,0.7243
Calcarine_L,Lingual_L,0.7232
Frontal_Inf_Tri_R,Frontal_Sup_Medial_L,0.7215
Cerebelum_4_5_L,Vermis_4_5,0.7206
Frontal_Mid_R,Precuneus_L,0.7203
Postcentral_L,SupraMarginal_R,0.7178
Precentral_R,Parietal_Sup_R,0.7168
Angular_R,Precuneus_L,0.7166
Lingual_R,Vermis_4_5,0.7159
Occipital_Sup_L,Occipital_Mid_L,0.7136
Frontal_Inf_Tri_L,Frontal_Sup_Medial_L,0.7132
Frontal_Mid_R,Precuneus_R,0.7131
Frontal_Sup_L,Paracentral_Lobule_L,0.713
Parietal_Sup_R,SupraMarginal_R,0.7114
Supp_Motor_Area_R,Parietal_Inf_L,0.711
Insula_L,Cingulum_Ant_L,0.711
Rolandic_Oper_L,Temporal_Sup_L,0.71
Supp_Motor_Area_L,Cingulum_Post_R,0.7093
Frontal_Mid_R,Frontal_Inf_Tri_L,0.7082
Frontal_Inf_Tri_R,Frontal_Sup_Medial_R,0.708
Frontal_Inf_Tri_L,Insula_L,0.7073
Supp_Motor_Area_L,Parietal_Sup_L,0.7066
Parietal_Inf_R,Paracentral_Lobule_R,0.7063
Frontal_Mid_R,Frontal_Inf_Oper_L,0.7049
Frontal_Inf_Oper_R,Insula_R,0.7037
Frontal_Sup_L,Precuneus_R,0.7035
Precentral_L,Frontal_Inf_Tri_R,0.7033
Precentral_R,SupraMarginal_R,0.7024
Frontal_Sup_R,Paracentral_Lobule_L,0.7023
Frontal_Sup_R,Cingulum_Post_L,0.7022
Frontal_Mid_L,Frontal_Inf_Oper_L,0.7017
Supp_Motor_Area_R,Cingulum_Post_R,0.7014
Frontal_Sup_L,Cingulum_Post_L,0.7009
Parietal_Sup_R,Paracentral_Lobule_L,0.6999
Cingulum_Post_L,Parietal_Inf_R,0.6992
Frontal_Sup_Medial_R,Postcentral_R,0.6986
Cingulum_Post_L,Parietal_Sup_R,0.6963
Hippocampus_L,ParaHippocampal_L,0.6957
Rolandic_Oper_L,Insula_R,0.6957
Frontal_Mid_L,Precuneus_R,0.6937
Frontal_Inf_Oper_R,Cingulum_Post_L,0.6922
Frontal_Mid_L,Precuneus_L,0.6911
Caudate_R,Putamen_R,0.6902
Frontal_Med_Orb_L,Frontal_Med_Orb_R,0.6889
Insula_L,Cingulum_Ant_R,0.6882
Precentral_L,Parietal_Inf_R,0.6872
Frontal_Mid_L,Cingulum_Post_L,0.6865
Cingulum_Post_R,Parietal_Inf_L,0.686
Rolandic_Oper_L,Putamen_L,0.6851
Angular_L,Precuneus_R,0.6848
Frontal_Sup_Medial_R,Insula_L,0.6833
Frontal_Inf_Oper_L,Frontal_Sup_Medial_R,0.6831
Frontal_Sup_R,Paracentral_Lobule_R,0.6822
Parietal_Sup_L,Angular_L,0.6819
Cingulum_Post_R,Parietal_Sup_L,0.681
Supp_Motor_Area_R,Parietal_Inf_R,0.6805
Frontal_Sup_Medial_R,Postcentral_L,0.6761
Frontal_Sup_R,Cingulum_Post_R,0.6743
Parietal_Inf_R,Paracentral_Lobule_L,0.6742
Frontal_Sup_Medial_L,Insula_L,0.6738
Supp_Motor_Area_L,Parietal_Inf_R,0.6731
Supp_Motor_Area_R,Parietal_Sup_R,0.6717
Frontal_Sup_Orb_L,Frontal_Med_Orb_L,0.6716
Frontal_Sup_Medial_L,Cingulum_Post_R,0.6713
Insula_R,Cingulum_Ant_L,0.6699
Frontal_Inf_Oper_R,Cingulum_Post_R,0.6688
Parietal_Inf_L,SupraMarginal_R,0.6686
Putamen_L,Pallidum_L,0.6682
Frontal_Sup_Orb_L,Frontal_Mid_Orb_L,0.6657
Insula_L,Postcentral_L,0.6644
Frontal_Sup_Medial_L,Cingulum_Post_L,0.6636
Frontal_Mid_R,Cingulum_Post_R,0.663
Frontal_Sup_L,Cingulum_Post_R,0.6625
Cingulum_Mid_R,SupraMarginal_R,0.6624
Frontal_Inf_Oper_R,Supp_Motor_Area_L,0.6613
Frontal_Mid_R,Parietal_Inf_L,0.6601
Frontal_Sup_Medial_L,Postcentral_R,0.6595
Supp_Motor_Area_R,SupraMarginal_R,0.6582
Rolandic_Oper_R,Insula_L,0.657
Parietal_Sup_L,Angular_R,0.6561
Cingulum_Post_L,Paracentral_Lobule_R,0.6556
Frontal_Mid_L,Frontal_Inf_Tri_R,0.6552
Rolandic_Oper_L,SupraMarginal_L,0.6543
Insula_R,Cingulum_Ant_R,0.6538
Precentral_L,Parietal_Sup_R,0.6534
Insula_L,Caudate_R,0.6521
Frontal_Mid_L,Parietal_Inf_L,0.6511
Frontal_Inf_Tri_L,Postcentral_L,0.6499
Rolandic_Oper_L,Postcentral_L,0.6496
Caudate_L,Putamen_L,0.6485
Lingual_L,Cerebelum_4_5_L,0.6474
Calcarine_R,Lingual_L,0.647
Cingulum_Post_L,Paracentral_Lobule_L,0.6459
Frontal_Sup_L,Parietal_Inf_L,0.6442
Frontal_Sup_R,Parietal_Sup_L,0.6438
Frontal_Inf_Oper_R,Caudate_L,0.6419
Frontal_Inf_Oper_R,Supp_Motor_Area_R,0.6409
Hippocampus_L,Thalamus_L,0.6409
Insula_L,Caudate_L,0.6406
Hippocampus_R,ParaHippocampal_R,0.6399
Cingulum_Post_L,Angular_L,0.6399
Cingulum_Post_L,SupraMarginal_R,0.6398
Cingulum_Post_R,Parietal_Inf_R,0.6394
Angular_L,Precuneus_L,0.6394
Frontal_Mid_L,Cingulum_Post_R,0.6393
Heschl_R,Temporal_Sup_R,0.6387
Cingulum_Mid_L,SupraMarginal_R,0.6371
Frontal_Sup_L,Paracentral_Lobule_R,0.6371
Cuneus_R,Occipital_Sup_L,0.637
Frontal_Sup_Medial_R,Cingulum_Post_L,0.6365
Frontal_Inf_Oper_R,Cingulum_Ant_L,0.6363
Precentral_L,SupraMarginal_R,0.6354
Frontal_Sup_Medial_L,Paracentral_Lobule_L,0.635
Calcarine_R,Cuneus_R,0.6334
Parietal_Sup_L,SupraMarginal_R,0.6304
Cingulum_Mid_R,Caudate_L,0.63
Frontal_Mid_L,Paracentral_Lobule_L,0.6299
Supp_Motor_Area_L,Parietal_Sup_R,0.6295
Frontal_Sup_L,Frontal_Inf_Oper_R,0.6295
Cingulum_Post_R,Paracentral_Lobule_R,0.6293
SupraMarginal_L,Angular_L,0.6293
Rolandic_Oper_L,Rolandic_Oper_R,0.6289
Frontal_Mid_R,Parietal_Inf_R,0.6285
Frontal_Sup_Medial_R,Insula_R,0.628
Frontal_Inf_Oper_L,Cingulum_Post_L,0.6277
Cingulum_Post_R,Paracentral_Lobule_L,0.627
Frontal_Sup_Medial_R,Paracentral_Lobule_L,0.6257
Frontal_Sup_L,Parietal_Sup_L,0.6256
Frontal_Sup_Medial_L,Precuneus_L,0.6238
Frontal_Sup_Medial_R,Cingulum_Post_R,0.6238
Frontal_Inf_Tri_R,Insula_L,0.6233
Caudate_L,Caudate_R,0.6225
Supp_Motor_Area_L,SupraMarginal_R,0.6224
Occipital_Mid_L,Angular_L,0.6217
Frontal_Inf_Oper_R,Precuneus_R,0.619
Rolandic_Oper_L,Heschl_L,0.6188
Calcarine_R,Cuneus_L,0.6168
Cingulum_Post_L,Cuneus_L,0.6166
Precentral_R,Frontal_Inf_Tri_L,0.615
Frontal_Inf_Oper_R,Cingulum_Ant_R,0.6143
Frontal_Sup_R,Frontal_Inf_Oper_R,0.6121
Cingulum_Mid_L,Caudate_L,0.612
Frontal_Inf_Oper_L,Cingulum_Mid_R,0.6119
Insula_R,Caudate_R,0.6116
Frontal_Sup_R,Parietal_Inf_L,0.6113
Frontal_Inf_Tri_L,Frontal_Sup_Medial_R,0.6102
Frontal_Inf_Oper_R,Putamen_L,0.6101
Occipital_Sup_R,Angular_R,0.6101
Rolandic_Oper_R,Heschl_R,0.6095
Frontal_Inf_Oper_L,Putamen_L,0.6089
Frontal_Sup_Medial_L,Precuneus_R,0.6087
Cingulum_Post_R,Parietal_Sup_R,0.6082
Frontal_Sup_R,SupraMarginal_R,0.6079
Frontal_Inf_Oper_L,Cingulum_Post_R,0.6067
Frontal_Inf_Tri_R,Postcentral_L,0.6063
Frontal_Inf_Oper_L,Supp_Motor_Area_L,0.6059
SupraMarginal_R,Paracentral_Lobule_R,0.6059
Frontal_Sup_R,Parietal_Inf_R,0.6057
Frontal_Inf_Tri_R,Cingulum_Mid_R,0.6048
Insula_R,SupraMarginal_R,0.6048
Frontal_Inf_Tri_R,Caudate_L,0.6047
Postcentral_R,Angular_R,0.604
Temporal_Sup_L,Temporal_Mid_L,0.604
Cuneus_L,Precuneus_R,0.6035
Frontal_Inf_Oper_L,Cingulum_Mid_L,0.6029
Frontal_Mid_R,Parietal_Sup_L,0.6024
Rolandic_Oper_R,SupraMarginal_R,0.602
Postcentral_R,SupraMarginal_L,0.6017
Cingulum_Post_R,SupraMarginal_R,0.601
Cingulum_Post_L,Thalamus_L,0.6003
Cingulum_Post_L,Calcarine_R,0.6002
Frontal_Sup_Orb_L,Frontal_Sup_Orb_R,0.5999
Frontal_Sup_Medial_R,Precuneus_L,0.5998
Frontal_Mid_R,SupraMarginal_R,0.5992
Frontal_Mid_R,Paracentral_Lobule_R,0.5969
SupraMarginal_L,Temporal_Sup_L,0.5968
Lingual_L,Vermis_4_5,0.5967
SupraMarginal_R,Temporal_Sup_R,0.5956
Frontal_Inf_Oper_R,Precuneus_L,0.595
Frontal_Sup_R,Parietal_Sup_R,0.5942
Frontal_Mid_R,Paracentral_Lobule_L,0.5933
Lingual_R,Cerebelum_4_5_R,0.5931
Frontal_Inf_Oper_L,Rolandic_Oper_L,0.5928
Cingulum_Ant_L,Putamen_L,0.5918
Frontal_Mid_L,Parietal_Sup_L,0.5913
Frontal_Inf_Oper_L,Caudate_L,0.5904
Cuneus_L,Occipital_Sup_R,0.5902
Parietal_Inf_L,Angular_R,0.5898
Frontal_Sup_Medial_R,Precuneus_R,0.5893
Frontal_Sup_Medial_R,Paracentral_Lobule_R,0.5891
Precentral_R,Caudate_L,0.5889
Frontal_Sup_L,Frontal_Inf_Tri_L,0.5883
Cingulum_Post_L,Angular_R,0.5883
Postcentral_L,Caudate_L,0.5879
Frontal_Inf_Oper_L,Parietal_Inf_L,0.5876
Cuneus_L,Precuneus_L,0.5866
Cingulum_Post_R,Thalamus_L,0.5861
Insula_R,Postcentral_R,0.5861
Frontal_Sup_Medial_L,Caudate_L,0.5861
Rolandic_Oper_L,Putamen_R,0.5861
Frontal_Sup_L,Frontal_Inf_Oper_L,0.5846
Postcentral_L,Angular_L,0.5845
Cingulum_Mid_R,Thalamus_L,0.584
Calcarine_L,Lingual_R,0.5839
Frontal_Mid_L,Paracentral_Lobule_R,0.5827
Frontal_Sup_L,Parietal_Inf_R,0.5817
Postcentral_L,Angular_R,0.5815
Precentral_R,Insula_R,0.5794
Calcarine_L,Cuneus_R,0.5791
Precentral_L,Insula_L,0.5791
Insula_R,Caudate_L,0.5789
Hippocampus_R,Thalamus_R,0.5784
Frontal_Inf_Tri_R,Insula_R,0.5782
Precentral_R,Insula_L,0.5781
SupraMarginal_L,Thalamus_L,0.5777
Cingulum_Mid_R,Thalamus_R,0.5776
Cingulum_Post_R,Thalamus_R,0.5775
SupraMarginal_L,Precuneus_R,0.5773
Supp_Motor_Area_L,SupraMarginal_L,0.5769
SupraMarginal_R,Paracentral_Lobule_L,0.5767
Parietal_Inf_L,Thalamus_L,0.576
Cingulum_Mid_L,Thalamus_L,0.5751
Cuneus_L,Angular_R,0.5747
Occipital_Sup_L,Occipital_Sup_R,0.5741
Rolandic_Oper_L,Cingulum_Ant_L,0.5737
Insula_R,Calcarine_R,0.5737
Cingulum_Post_R,Calcarine_R,0.5731
Frontal_Sup_Medial_L,Paracentral_Lobule_R,0.5721
Frontal_Inf_Oper_R,SupraMarginal_R,0.5721
Cingulum_Post_L,Calcarine_L,0.5719
Frontal_Mid_R,Parietal_Sup_R,0.5711
Cerebelum_4_5_R,Vermis_4_5,0.5711
Precentral_L,Caudate_L,0.5707
Lingual_R,Cerebelum_4_5_L,0.5701
Frontal_Inf_Tri_R,Postcentral_R,0.5701
Cuneus_L,Occipital_Mid_L,0.5691
Frontal_Sup_Orb_R,Frontal_Med_Orb_R,0.569
Insula_L,Temporal_Sup_L,0.5688
Cingulum_Post_L,SupraMarginal_L,0.568
Calcarine_L,Occipital_Sup_L,0.5679
Frontal_Sup_Medial_L,Parietal_Inf_L,0.5668
Cingulum_Mid_L,SupraMarginal_L,0.5666
Cingulum_Post_R,Angular_R,0.5666
Insula_L,Calcarine_R,0.5656
Rolandic_Oper_R,Putamen_R,0.5653
Cuneus_R,Precuneus_R,0.5653
Precentral_R,SupraMarginal_L,0.5644
Cingulum_Post_R,Angular_L,0.5643
Hippocampus_L,Hippocampus_R,0.5638
Occipital_Sup_L,Angular_L,0.5637
Precentral_R,Angular_R,0.5636
Precentral_L,SupraMarginal_L,0.5626
Cingulum_Ant_R,Putamen_L,0.5622
Cingulum_Ant_L,Caudate_L,0.5618
Rolandic_Oper_R,Putamen_L,0.5609
Lingual_L,Fusiform_L,0.5607
Frontal_Inf_Oper_R,Parietal_Inf_R,0.5596
Frontal_Inf_Tri_R,Cingulum_Mid_L,0.5582
Frontal_Inf_Oper_L,Cingulum_Ant_R,0.5581
Frontal_Sup_Medial_R,Putamen_L,0.5579
Frontal_Inf_Oper_L,Postcentral_R,0.5572
Frontal_Inf_Oper_R,Parietal_Inf_L,0.5566
Precuneus_R,Thalamus_L,0.5561
Cerebelum_3_R,Vermis_3,0.5555
Frontal_Inf_Tri_L,Supp_Motor_Area_L,0.5549
Frontal_Inf_Oper_L,Cingulum_Ant_L,0.5548
Frontal_Sup_R,Cingulum_Ant_R,0.5548
Insula_R,Postcentral_L,0.5539
Frontal_Sup_L,Parietal_Sup_R,0.5538
Frontal_Sup_R,Cingulum_Ant_L,0.5537
Calcarine_R,Vermis_4_5,0.5535
Cingulum_Ant_L,Cingulum_Mid_R,0.5534
Vermis_3,Vermis_4_5,0.5532
Frontal_Mid_L,Parietal_Inf_R,0.5523
Cingulum_Mid_R,Angular_L,0.552
SupraMarginal_L,Precuneus_L,0.552
Frontal_Inf_Tri_R,Cingulum_Post_R,0.5519
Insula_L,Cingulum_Mid_L,0.551
Frontal_Inf_Oper_R,Paracentral_Lobule_L,0.5506
Cingulum_Mid_L,Thalamus_R,0.5505
Frontal_Inf_Tri_R,Cingulum_Ant_R,0.5498
Frontal_Sup_Medial_R,Caudate_L,0.5486
Frontal_Inf_Tri_R,Cingulum_Ant_L,0.5485
Insula_L,Cingulum_Mid_R,0.5484
Cingulum_Post_L,Thalamus_R,0.5482
Rolandic_Oper_L,Parietal_Inf_L,0.548
Cingulum_Mid_R,Angular_R,0.5479
Lingual_R,Fusiform_R,0.5479
Frontal_Inf_Oper_L,Insula_R,0.5478
Cingulum_Mid_L,Angular_L,0.5456
Caudate_R,Putamen_L,0.5455
Cingulum_Post_R,Cuneus_L,0.5454
Cingulum_Mid_L,Angular_R,0.5452
Frontal_Inf_Oper_L,SupraMarginal_L,0.5448
Postcentral_R,Angular_L,0.5425
Cingulum_Mid_R,SupraMarginal_L,0.5424
Frontal_Mid_R,Caudate_L,0.5424
Rolandic_Oper_L,Calcarine_R,0.542
Frontal_Sup_R,Frontal_Inf_Oper_L,0.542
Frontal_Sup_L,SupraMarginal_R,0.5419
Frontal_Sup_Medial_L,Putamen_L,0.5416
Frontal_Inf_Oper_R,Paracentral_Lobule_R,0.5415
Frontal_Sup_Medial_L,Insula_R,0.5415
Insula_L,Postcentral_R,0.5404
Frontal_Inf_Tri_R,Supp_Motor_Area_R,0.5402
Frontal_Inf_Oper_L,Supp_Motor_Area_R,0.5401
Frontal_Sup_R,Insula_L,0.5396
Frontal_Inf_Tri_L,Cingulum_Mid_R,0.5393
Cingulum_Mid_R,Caudate_R,0.5392
Postcentral_L,Putamen_L,0.5392
Insula_L,SupraMarginal_L,0.5389
Cuneus_R,Occipital_Mid_L,0.5385
Cingulum_Ant_R,Caudate_R,0.5382
Precentral_R,Angular_L,0.5376
Frontal_Inf_Tri_R,Cingulum_Post_L,0.5374
Frontal_Sup_L,Frontal_Inf_Tri_R,0.5371
Occipital_Sup_L,Angular_R,0.5363
Parietal_Sup_R,Angular_L,0.5362
Angular_L,Angular_R,0.5361
Frontal_Inf_Tri_R,Supp_Motor_Area_L,0.536
Caudate_L,Putamen_R,0.5357
Insula_R,Cingulum_Mid_R,0.5355
Supp_Motor_Area_L,Insula_L,0.5353
Cingulum_Post_R,Calcarine_L,0.5351
Insula_R,Cingulum_Mid_L,0.5342
Cingulum_Post_R,Caudate_L,0.5338
Cerebelum_3_L,Cerebelum_4_5_L,0.5337
Rolandic_Oper_R,Cingulum_Ant_R,0.5336
Precuneus_R,Thalamus_R,0.5327
Frontal_Sup_R,Frontal_Inf_Tri_R,0.532
Frontal_Inf_Oper_L,Caudate_R,0.5314
Precentral_L,Angular_L,0.5311
Frontal_Inf_Oper_R,Rolandic_Oper_L,0.531
Calcarine_L,Vermis_4_5,0.5308
Hippocampus_R,Thalamus_L,0.5307
Cuneus_L,Angular_L,0.5306
Cingulum_Ant_L,Cingulum_Mid_L,0.5296
Calcarine_R,Precuneus_R,0.5288
Cuneus_R,Angular_R,0.5286
Frontal_Mid_L,SupraMarginal_R,0.5283
Cingulum_Post_L,Caudate_L,0.5276
Postcentral_L,Thalamus_L,0.5268
Rolandic_Oper_R,Postcentral_R,0.5257
Frontal_Inf_Oper_L,Precuneus_R,0.5256
Rolandic_Oper_R,Temporal_Sup_R,0.5245
Frontal_Inf_Oper_L,Precuneus_L,0.5245
Frontal_Inf_Tri_L,Cingulum_Mid_L,0.5242
Frontal_Inf_Tri_L,Caudate_R,0.5242
Frontal_Sup_Medial_R,SupraMarginal_R,0.5234
Insula_L,Vermis_4_5,0.5225
Caudate_R,Thalamus_L,0.5223
Putamen_R,Thalamus_L,0.5222
Putamen_R,Pallidum_R,0.5216
Frontal_Mid_L,Parietal_Sup_R,0.5214
Frontal_Sup_R,Insula_R,0.521
Precentral_L,Angular_R,0.5207
Frontal_Sup_L,Insula_L,0.5206
Frontal_Mid_L,Insula_L,0.52
Supp_Motor_Area_R,Angular_R,0.5192
Supp_Motor_Area_R,Caudate_L,0.5191
Frontal_Sup_Orb_L,Frontal_Med_Orb_R,0.519
Rolandic_Oper_R,Cingulum_Ant_L,0.5186
Supp_Motor_Area_L,Caudate_L,0.5185
Insula_L,Cingulum_Post_R,0.5179
Supp_Motor_Area_R,SupraMarginal_L,0.5178
Insula_L,Calcarine_L,0.5178
Parietal_Inf_R,Angular_L,0.5177
Frontal_Inf_Oper_R,Angular_R,0.5173
Occipital_Sup_R,Occipital_Mid_R,0.5169
Frontal_Sup_Medial_L,Cuneus_L,0.5156
Insula_R,Cingulum_Post_L,0.5154
Parietal_Sup_L,SupraMarginal_L,0.514
Frontal_Mid_Orb_L,Frontal_Mid_Orb_R,0.5139
Frontal_Mid_L,SupraMarginal_L,0.5138
Rolandic_Oper_L,Postcentral_R,0.5137
Frontal_Sup_Medial_L,Caudate_R,0.5136
Frontal_Mid_R,Insula_L,0.5135
Occipital_Sup_L,Precuneus_R,0.5132
Supp_Motor_Area_L,Caudate_R,0.513
Cingulum_Ant_R,Putamen_R,0.5127
Frontal_Inf_Tri_L,Caudate_L,0.5123
Frontal_Inf_Tri_R,SupraMarginal_R,0.5122
Rolandic_Oper_L,Cingulum_Ant_R,0.5122
Supp_Motor_Area_R,Caudate_R,0.5119
Insula_L,Lingual_R,0.5117
Insula_L,Temporal_Pole_Sup_L,0.5112
Supp_Motor_Area_L,Thalamus_L,0.5107
Frontal_Inf_Tri_L,Cingulum_Post_R,0.5107
Frontal_Sup_Medial_R,Cuneus_L,0.5104
Insula_L,Parietal_Inf_L,0.5102
Frontal_Inf_Orb_R,Insula_R,0.5098
Cingulum_Ant_L,Caudate_R,0.5097
SupraMarginal_L,SupraMarginal_R,0.5093
Insula_L,Cingulum_Post_L,0.5088
Calcarine_R,Occipital_Sup_L,0.5087
Cingulum_Ant_L,Putamen_R,0.5086
Precentral_R,Cingulum_Ant_L,0.5084
Cingulum_Ant_L,Cingulum_Post_R,0.5081
Frontal_Sup_Medial_R,Parietal_Inf_L,0.5081
Rolandic_Oper_R,Frontal_Sup_Medial_R,0.508
Frontal_Sup_L,Cingulum_Ant_L,0.507
Insula_R,Calcarine_L,0.5066
Precentral_L,Insula_R,0.5064
Cingulum_Mid_L,Caudate_R,0.5063
Frontal_Inf_Tri_L,Cingulum_Post_L,0.5061
Frontal_Sup_Medial_R,Caudate_R,0.5059
Frontal_Sup_R,Frontal_Inf_Tri_L,0.5058
Cingulum_Post_R,SupraMarginal_L,0.5057
Rolandic_Oper_L,Frontal_Sup_Medial_L,0.5057
Supp_Motor_Area_R,Insula_L,0.5054
Hippocampus_L,Thalamus_R,0.5049
Caudate_L,Thalamus_R,0.5039
Calcarine_R,Postcentral_L,0.5031
Postcentral_R,Caudate_L,0.503
Angular_R,Temporal_Sup_R,0.5027
Frontal_Mid_L,Caudate_L,0.5025
Supp_Motor_Area_L,Angular_R,0.5016
Rolandic_Oper_L,Thalamus_L,0.5011
Frontal_Sup_Medial_L,Parietal_Sup_L,0.5011
Cerebelum_4_5_L,Cerebelum_4_5_R,0.5011
Lingual_R,Vermis_3,0.5005
Rolandic_Oper_L,Caudate_R,0.5002
Insula_R,Lingual_R,0.4998
Cingulum_Post_L,Cuneus_R,0.4996
Caudate_L,Thalamus_L,0.4993
Cerebelum_3_L,Vermis_3,0.4991
Cingulum_Ant_R,Cingulum_Mid_R,0.4991
Frontal_Sup_Medial_R,Calcarine_R,0.499
Angular_R,Paracentral_Lobule_L,0.4987
Frontal_Sup_Medial_L,Parietal_Inf_R,0.4985
Precuneus_L,Thalamus_L,0.4984
Frontal_Sup_Medial_L,SupraMarginal_R,0.4981
Cuneus_L,Postcentral_L,0.4981
Frontal_Inf_Oper_R,Cuneus_L,0.4978
Rolandic_Oper_L,Calcarine_L,0.4973
Hippocampus_L,Parietal_Inf_L,0.4963
Calcarine_R,Occipital_Mid_L,0.4963
Frontal_Sup_Orb_L,Frontal_Mid_Orb_R,0.4959
Frontal_Sup_Medial_R,Calcarine_L,0.4959
Supp_Motor_Area_L,Angular_L,0.4958
Cuneus_R,Angular_L,0.4948
Frontal_Sup_R,Angular_R,0.4942
Frontal_Inf_Oper_R,Calcarine_R,0.4942
Frontal_Sup_R,Cuneus_L,0.4939
Frontal_Inf_Tri_L,Supp_Motor_Area_R,0.4933
Putamen_L,Temporal_Sup_L,0.493
Frontal_Inf_Tri_R,Precuneus_L,0.4927
Frontal_Inf_Orb_L,Insula_L,0.4913
Cingulum_Post_R,Lingual_R,0.4912
Frontal_Sup_Medial_L,Calcarine_R,0.4912
Putamen_L,Thalamus_L,0.4907
Rolandic_Oper_R,Calcarine_R,0.4905
Insula_R,Temporal_Sup_L,0.4904
Rolandic_Oper_L,Supp_Motor_Area_L,0.4899
Frontal_Inf_Tri_L,Cingulum_Ant_R,0.4898
Precuneus_R,Caudate_L,0.4888
Frontal_Sup_R,Calcarine_R,0.4887
Supp_Motor_Area_R,Thalamus_L,0.4887
Frontal_Sup_Orb_R,Frontal_Mid_Orb_R,0.4886
Cerebelum_4_5_L,Vermis_3,0.4885
Frontal_Inf_Tri_R,Precuneus_R,0.4882
Cingulum_Post_R,Putamen_L,0.4878
Frontal_Mid_R,SupraMarginal_L,0.4877
Fusiform_R,Cerebelum_4_5_L,0.4875
Calcarine_R,Postcentral_R,0.4875
Frontal_Sup_Medial_R,Parietal_Sup_L,0.4872
Frontal_Sup_R,Caudate_R,0.4872
Frontal_Inf_Tri_L,SupraMarginal_L,0.4868
Calcarine_R,Angular_L,0.4864
Caudate_R,Thalamus_R,0.4864
Precentral_R,Rolandic_Oper_L,0.486
Calcarine_L,Occipital_Mid_L,0.4854
Occipital_Sup_L,Precuneus_L,0.4852
Insula_R,Cingulum_Post_R,0.4848
Insula_R,Vermis_4_5,0.4845
Cingulum_Mid_R,Cuneus_L,0.4843
Calcarine_R,Occipital_Sup_R,0.4833
Lingual_R,Putamen_L,0.4832
Frontal_Sup_L,Caudate_L,0.4832
SupraMarginal_L,Paracentral_Lobule_L,0.4832
Rolandic_Oper_L,Caudate_L,0.4828
Temporal_Sup_R,Temporal_Mid_R,0.4828
Calcarine_R,Precuneus_L,0.4824
SupraMarginal_R,Caudate_L,0.4823
Frontal_Sup_Medial_L,Calcarine_L,0.4822
Cerebelum_4_5_R,Vermis_3,0.4821
Angular_R,Paracentral_Lobule_R,0.482
Precuneus_L,Thalamus_R,0.482
Cingulum_Mid_L,Calcarine_R,0.4819
Frontal_Inf_Tri_L,Parietal_Inf_L,0.4818
Calcarine_R,Putamen_L,0.4812
ParaHippocampal_L,Fusiform_L,0.481
Cingulum_Ant_R,Caudate_L,0.4807
Cingulum_Ant_R,Calcarine_R,0.4807
Supp_Motor_Area_L,Thalamus_R,0.4802
Postcentral_L,Caudate_R,0.4801
Cuneus_L,Postcentral_R,0.4794
Putamen_R,Thalamus_R,0.4794
Precuneus_L,Caudate_L,0.4793
Frontal_Inf_Oper_L,Angular_L,0.4791
Frontal_Mid_R,Cingulum_Ant_L,0.479
Precentral_L,Caudate_R,0.479
Insula_R,Precuneus_R,0.4789
Frontal_Sup_Medial_R,Parietal_Inf_R,0.4788
Frontal_Sup_R,Calcarine_L,0.4784
Insula_R,Thalamus_L,0.4784
Frontal_Sup_L,SupraMarginal_L,0.4781
Frontal_Sup_Medial_L,Angular_R,0.478
Cingulum_Mid_L,Cuneus_L,0.478
Supp_Motor_Area_R,Thalamus_R,0.478
Occipital_Sup_R,Occipital_Mid_L,0.4779
Insula_R,Heschl_R,0.477
Frontal_Inf_Orb_L,Frontal_Inf_Orb_R,0.4767
Precentral_L,Cingulum_Ant_L,0.4764
Cerebelum_3_R,Cerebelum_4_5_R,0.4763
Insula_R,Parietal_Inf_R,0.4762
Precentral_R,Caudate_R,0.4759
Rolandic_Oper_L,Lingual_R,0.4759
Cingulum_Mid_R,Calcarine_R,0.4759
Precentral_R,Thalamus_R,0.4757
Cuneus_L,Parietal_Sup_L,0.4756
Putamen_R,Temporal_Sup_L,0.4747
Supp_Motor_Area_L,Cingulum_Ant_L,0.4747
Precentral_R,Putamen_L,0.4745
Cingulum_Ant_L,Cingulum_Post_L,0.4742
Rolandic_Oper_R,Vermis_4_5,0.4735
Calcarine_R,Parietal_Inf_L,0.4733
Cingulum_Post_L,Putamen_L,0.473
Precentral_R,Cuneus_L,0.4729
Supp_Motor_Area_R,Angular_L,0.4724
Supp_Motor_Area_L,Insula_R,0.4719
Precentral_R,Cingulum_Ant_R,0.4714
Frontal_Sup_L,Caudate_R,0.471
Occipital_Sup_R,Precuneus_R,0.471
Hippocampus_R,Lingual_R,0.4708
Frontal_Mid_R,Caudate_R,0.4705
Frontal_Inf_Oper_R,Calcarine_L,0.4705
Precentral_R,Thalamus_L,0.4703
Putamen_L,Vermis_4_5,0.4701
Frontal_Inf_Oper_L,Paracentral_Lobule_L,0.4699
Postcentral_R,Thalamus_L,0.4698
Calcarine_L,Precuneus_R,0.4696
Frontal_Sup_L,Angular_R,0.4696
Frontal_Inf_Oper_R,Caudate_R,0.4695
Cingulum_Post_L,Occipital_Sup_L,0.4692
Occipital_Mid_L,Temporal_Mid_L,0.4691
Precentral_L,Putamen_L,0.4687
Postcentral_R,Caudate_R,0.4686
Frontal_Inf_Oper_R,Putamen_R,0.4685
Cingulum_Mid_L,Putamen_L,0.4684
Frontal_Sup_R,Angular_L,0.4682
Cingulum_Ant_R,Cingulum_Post_R,0.4682
Rolandic_Oper_R,Caudate_R,0.4682
Frontal_Inf_Tri_L,Postcentral_R,0.4682
Frontal_Sup_R,SupraMarginal_L,0.4681
Insula_L,Thalamus_L,0.4679
Frontal_Inf_Tri_L,Cingulum_Ant_L,0.4679
Angular_L,Temporal_Mid_L,0.4679
Parietal_Inf_R,SupraMarginal_L,0.4679
Calcarine_L,Postcentral_R,0.4676
Occipital_Sup_L,Parietal_Inf_L,0.4675
Cingulum_Ant_L,Postcentral_L,0.4672
Supp_Motor_Area_R,Cuneus_L,0.4671
Rolandic_Oper_L,Frontal_Sup_Medial_R,0.4663
Frontal_Inf_Tri_L,Insula_R,0.4659
Cingulum_Ant_R,Calcarine_L,0.4657
Hippocampus_R,Temporal_Sup_R,0.4656
Fusiform_R,Cerebelum_4_5_R,0.4656
Calcarine_L,Angular_R,0.4656
Thalamus_L,Heschl_L,0.4656
Cuneus_L,SupraMarginal_R,0.4655
Frontal_Inf_Tri_L,Putamen_L,0.4653
Cuneus_L,Parietal_Inf_L,0.4652
Insula_L,Lingual_L,0.465
Cingulum_Post_L,Lingual_L,0.4648
Frontal_Sup_L,Cingulum_Ant_R,0.4645
Rolandic_Oper_L,Cingulum_Mid_L,0.4645
Supp_Motor_Area_R,Insula_R,0.4643
Insula_L,Precuneus_R,0.4643
Postcentral_L,Thalamus_R,0.4641
Frontal_Mid_R,Angular_R,0.464
Rolandic_Oper_L,Lingual_L,0.4639
SupraMarginal_L,Heschl_L,0.4628
Calcarine_L,Angular_L,0.4628
Frontal_Mid_R,Angular_L,0.4626
Calcarine_L,Occipital_Sup_R,0.4625
Cingulum_Ant_L,Calcarine_R,0.4623
Frontal_Mid_R,Insula_R,0.4615
Insula_R,Temporal_Sup_R,0.4614
Thalamus_L,Temporal_Sup_L,0.4614
Frontal_Sup_R,Caudate_L,0.4613
Cingulum_Post_L,Hippocampus_L,0.4613
Parietal_Inf_L,Caudate_L,0.4613
Precentral_L,Rolandic_Oper_L,0.4612
Insula_L,SupraMarginal_R,0.4609
Rolandic_Oper_L,Vermis_4_5,0.4608
Precentral_L,Cuneus_L,0.4607
Insula_L,Paracentral_Lobule_L,0.4604
Supp_Motor_Area_R,Cingulum_Ant_L,0.4595
Cingulum_Post_L,Lingual_R,0.4594
Parietal_Sup_L,Thalamus_L,0.4593
Calcarine_L,Precuneus_L,0.4589
Frontal_Sup_L,Angular_L,0.4584
Cingulum_Mid_R,Putamen_L,0.4581
Rolandic_Oper_L,Cuneus_L,0.4577
Rolandic_Oper_L,Cingulum_Mid_R,0.4577
Cingulum_Ant_R,Cingulum_Post_L,0.4564
Insula_R,Precuneus_L,0.4563
Rolandic_Oper_L,Cingulum_Post_L,0.4562
Frontal_Sup_Medial_R,Angular_R,0.4553
Rolandic_Oper_R,Temporal_Sup_L,0.4552
Frontal_Inf_Oper_R,Rolandic_Oper_R,0.4543
Occipital_Sup_R,Angular_L,0.4543
Rolandic_Oper_R,Lingual_R,0.4541
Rolandic_Oper_L,SupraMarginal_R,0.4541
Rolandic_Oper_R,Calcarine_L,0.4539
Cingulum_Post_R,Lingual_L,0.4535
SupraMarginal_R,Angular_L,0.4533
Hippocampus_R,Precuneus_R,0.4531
Angular_L,Paracentral_Lobule_L,0.453
Frontal_Inf_Tri_R,Caudate_R,0.4527
Frontal_Sup_L,Cuneus_L,0.452
Rolandic_Oper_L,Cingulum_Post_R,0.4516
Hippocampus_L,SupraMarginal_L,0.4508
Precentral_L,Thalamus_R,0.4507
Frontal_Sup_Medial_L,SupraMarginal_L,0.4506
Cingulum_Post_R,Caudate_R,0.4506
Frontal_Inf_Tri_R,Parietal_Inf_R,0.4505
Frontal_Mid_L,Cingulum_Ant_L,0.4504
Frontal_Inf_Tri_L,Precuneus_L,0.4503
Frontal_Inf_Oper_L,Putamen_R,0.4503
Insula_L,Precuneus_L,0.4501
Cingulum_Post_R,Vermis_4_5,0.4499
Calcarine_L,Putamen_L,0.4497
Insula_L,Cuneus_L,0.4497
Cingulum_Ant_L,Postcentral_R,0.4493
Frontal_Inf_Tri_L,Rolandic_Oper_L,0.4492
Frontal_Sup_Orb_R,Frontal_Med_Orb_L,0.4491
SupraMarginal_L,Caudate_L,0.4485
Occipital_Sup_L,Parietal_Sup_L,0.4485
Frontal_Inf_Oper_L,Calcarine_R,0.4485
Supp_Motor_Area_R,Calcarine_R,0.4485
Cuneus_R,Precuneus_L,0.4485
Cingulum_Mid_R,Calcarine_L,0.4483
Frontal_Inf_Tri_R,Putamen_L,0.4482
Frontal_Sup_L,Calcarine_R,0.448
Insula_R,Lingual_L,0.448
Cingulum_Post_R,Cuneus_R,0.4479
Insula_R,Thalamus_R,0.4478
Hippocampus_L,Precuneus_R,0.4477
Precentral_R,Calcarine_L,0.447
Rolandic_Oper_L,Supp_Motor_Area_R,0.4469
Frontal_Inf_Tri_L,Precuneus_R,0.4468
Frontal_Sup_Medial_R,Cuneus_R,0.4467
Frontal_Inf_Oper_L,Cuneus_L,0.4466
Precentral_R,Calcarine_R,0.4464
Insula_R,Pallidum_L,0.4463
ParaHippocampal_L,Lingual_L,0.4463
Cingulum_Ant_R,Cingulum_Mid_L,0.4462
Frontal_Mid_L,Caudate_R,0.4462
Insula_L,Pallidum_L,0.4462
Parietal_Inf_L,Putamen_L,0.4459
Cingulum_Post_R,Occipital_Sup_L,0.4459
Calcarine_R,Putamen_R,0.4457
Occipital_Mid_L,Parietal_Inf_L,0.4454
Calcarine_L,Postcentral_L,0.445
Insula_L,Heschl_L,0.444
ParaHippocampal_L,Cerebelum_4_5_L,0.4436
Calcarine_R,SupraMarginal_L,0.4431
SupraMarginal_L,Putamen_L,0.4431
Supp_Motor_Area_L,Cuneus_L,0.4425
Frontal_Inf_Oper_R,Parietal_Sup_L,0.4423
Supp_Motor_Area_L,Calcarine_R,0.4418
Cingulum_Ant_R,Lingual_R,0.4418
Frontal_Sup_L,Insula_R,0.4417
Putamen_R,Heschl_L,0.4416
Cingulum_Ant_L,Calcarine_L,0.4413
Frontal_Sup_Medial_R,Angular_L,0.441
Frontal_Sup_Medial_L,Angular_L,0.4409
SupraMarginal_R,Thalamus_R,0.4404
Occipital_Sup_L,Postcentral_L,0.4404
Cuneus_L,Vermis_4_5,0.4402
Cingulum_Post_L,Caudate_R,0.4399
Cuneus_R,Parietal_Inf_L,0.4398
Precentral_L,Thalamus_L,0.4398
Cuneus_L,Lingual_R,0.4397
Cingulum_Mid_R,Cuneus_R,0.4396
Fusiform_L,Cerebelum_4_5_L,0.4389
Cingulum_Post_R,Hippocampus_R,0.4388
Frontal_Sup_R,Putamen_L,0.4384
Frontal_Inf_Oper_R,Cuneus_R,0.4382
Precuneus_R,Temporal_Sup_R,0.4382
Insula_R,Parietal_Inf_L,0.438
Frontal_Sup_R,Rolandic_Oper_R,0.438
Frontal_Inf_Oper_L,Calcarine_L,0.4378
Frontal_Inf_Oper_R,Parietal_Sup_R,0.4377
Supp_Motor_Area_R,Putamen_R,0.4377
Frontal_Mid_R,Cingulum_Ant_R,0.4374
Calcarine_L,SupraMarginal_R,0.4372
Paracentral_Lobule_L,Thalamus_L,0.4362
ParaHippocampal_R,Lingual_R,0.436
Calcarine_R,Temporal_Sup_L,0.436
Insula_R,Cuneus_L,0.4359
Rolandic_Oper_L,Precuneus_R,0.4358
ParaHippocampal_R,Fusiform_R,0.4355
SupraMarginal_R,Caudate_R,0.4354
Frontal_Inf_Tri_R,Paracentral_Lobule_L,0.4354
Calcarine_L,Parietal_Inf_L,0.4353
SupraMarginal_R,Heschl_R,0.4346
Calcarine_R,Angular_R,0.4344
Parietal_Inf_R,Caudate_L,0.4344
Frontal_Inf_Oper_R,Angular_L,0.4344
Postcentral_R,Putamen_L,0.4342
Cuneus_L,Lingual_L,0.4341
Postcentral_L,Putamen_R,0.434
Rolandic_Oper_L,Angular_L,0.4338
Frontal_Sup_Medial_R,Putamen_R,0.4336
Calcarine_L,Cerebelum_4_5_L,0.4336
Rolandic_Oper_R,Caudate_L,0.4336
Fusiform_R,Vermis_4_5,0.4332
Angular_L,Thalamus_L,0.4331
Lingual_L,Fusiform_R,0.4329
Frontal_Mid_L,Angular_R,0.4329
Rolandic_Oper_R,Lingual_L,0.4319
Frontal_Sup_R,Cuneus_R,0.4319
Insula_R,Cuneus_R,0.4316
Calcarine_L,Temporal_Sup_R,0.4312
Lingual_L,Vermis_3,0.4305
Lingual_R,Thalamus_L,0.4303
Pallidum_L,Temporal_Sup_L,0.4302
Calcarine_R,Cerebelum_4_5_L,0.4296
Frontal_Sup_L,Calcarine_L,0.4293
Frontal_Inf_Oper_L,Paracentral_Lobule_R,0.429
Frontal_Sup_Medial_R,Occipital_Mid_L,0.4289
Cuneus_L,Temporal_Mid_L,0.4288
Parietal_Inf_L,Temporal_Sup_L,0.4284
Temporal_Sup_L,Temporal_Sup_R,0.4281
Rolandic_Oper_L,Pallidum_L,0.4279
Cingulum_Post_L,Occipital_Mid_L,0.4279
Cingulum_Post_L,Vermis_4_5,0.4278
Supp_Motor_Area_R,Calcarine_L,0.4277
Cingulum_Mid_L,Calcarine_L,0.4277
Rolandic_Oper_R,Temporal_Pole_Sup_R,0.4276
Supp_Motor_Area_R,Cingulum_Ant_R,0.4274
Precentral_L,Cingulum_Ant_R,0.4274
Rolandic_Oper_L,Paracentral_Lobule_L,0.4271
Rolandic_Oper_R,Postcentral_L,0.427
SupraMarginal_L,Paracentral_Lobule_R,0.4269
Frontal_Inf_Tri_R,Angular_R,0.4268
Precentral_R,Rolandic_Oper_R,0.4268
Frontal_Sup_R,Rolandic_Oper_L,0.4267
Frontal_Inf_Oper_L,Parietal_Inf_R,0.4264
Hippocampus_R,Vermis_4_5,0.4263
Insula_R,Angular_R,0.4263
Rolandic_Oper_L,Temporal_Pole_Sup_L,0.4263
Parietal_Inf_L,Thalamus_R,0.4261
Cingulum_Ant_L,Precuneus_L,0.426
Frontal_Mid_R,Putamen_L,0.4259
Frontal_Inf_Oper_R,SupraMarginal_L,0.4259
Precentral_L,Calcarine_R,0.4255
Hippocampus_R,Precuneus_L,0.4253
Cuneus_R,Postcentral_L,0.4251
Lingual_L,Putamen_L,0.4247
Putamen_R,Pallidum_L,0.4246
Frontal_Sup_Medial_L,Parietal_Sup_R,0.4243
Frontal_Inf_Tri_L,Paracentral_Lobule_L,0.4242
Frontal_Inf_Oper_L,Parietal_Sup_L,0.4241
Frontal_Mid_L,Angular_L,0.424
Cingulum_Ant_L,Vermis_4_5,0.424
Frontal_Inf_Oper_R,Occipital_Sup_L,0.4239
Precentral_R,Putamen_R,0.4238
Cingulum_Ant_L,Precuneus_R,0.4238
Cuneus_R,Temporal_Mid_L,0.4238
Angular_L,Paracentral_Lobule_R,0.4237
Frontal_Sup_L,Rolandic_Oper_L,0.4236
Cuneus_L,Parietal_Inf_R,0.4234
Supp_Motor_Area_L,Putamen_L,0.4234
Parietal_Inf_L,Heschl_L,0.4232
Frontal_Inf_Oper_L,SupraMarginal_R,0.4223
Frontal_Inf_Tri_R,Parietal_Inf_L,0.4219
Cuneus_L,Temporal_Sup_R,0.4218
Hippocampus_L,Angular_L,0.4217
Cingulum_Mid_L,Cuneus_R,0.4216
Calcarine_R,SupraMarginal_R,0.4215
SupraMarginal_L,Caudate_R,0.4211
Insula_R,Paracentral_Lobule_R,0.4211
Cingulum_Mid_R,Putamen_R,0.421
Calcarine_R,Paracentral_Lobule_L,0.421
Cingulum_Ant_R,Postcentral_R,0.4204
Supp_Motor_Area_L,Putamen_R,0.4202
Occipital_Mid_L,Angular_R,0.42
Insula_L,Parietal_Inf_R,0.4199
Rolandic_Oper_R,Frontal_Sup_Medial_L,0.4198
Frontal_Inf_Tri_R,Paracentral_Lobule_R,0.4194
Cingulum_Post_L,Putamen_R,0.4192
Insula_R,Paracentral_Lobule_L,0.4191
SupraMarginal_R,Thalamus_L,0.4186
Frontal_Sup_Medial_L,Thalamus_R,0.4182
Hippocampus_L,Postcentral_L,0.418
Frontal_Inf_Orb_R,Insula_L,0.418
Insula_R,SupraMarginal_L,0.418
Hippocampus_R,ParaHippocampal_L,0.4179
Precuneus_R,Caudate_R,0.4176
Paracentral_Lobule_L,Caudate_L,0.4175
Frontal_Sup_Medial_R,Occipital_Sup_L,0.4175
Postcentral_L,Temporal_Sup_L,0.4174
Frontal_Mid_L,Insula_R,0.4174
Frontal_Mid_R,Cuneus_L,0.4168
Insula_L,Occipital_Mid_L,0.4168
Insula_L,Paracentral_Lobule_R,0.4166
Cingulum_Ant_L,Lingual_R,0.4161
Frontal_Inf_Orb_R,Rolandic_Oper_R,0.4161
Hippocampus_L,Temporal_Mid_L,0.4161
Thalamus_L,Heschl_R,0.4161
Cuneus_R,Temporal_Sup_R,0.416
Frontal_Sup_R,Lingual_L,0.4159
Frontal_Inf_Oper_L,Occipital_Mid_L,0.4155
Cingulum_Ant_L,Paracentral_Lobule_L,0.4154
Cingulum_Mid_L,Putamen_R,0.4152
Cingulum_Post_L,Hippocampus_R,0.4149
Caudate_R,Temporal_Sup_L,0.4147
SupraMarginal_R,Putamen_R,0.4138
Frontal_Inf_Oper_R,Thalamus_R,0.4137
Insula_L,Cuneus_R,0.4136
Hippocampus_R,SupraMarginal_R,0.4134
Frontal_Sup_Medial_L,Occipital_Sup_L,0.4134
Putamen_L,Thalamus_R,0.4133
Lingual_L,SupraMarginal_L,0.4133
Frontal_Inf_Tri_R,Cuneus_L,0.413
Postcentral_R,Thalamus_R,0.4126
Hippocampus_R,Calcarine_R,0.4125
Cuneus_L,Paracentral_Lobule_L,0.4123
Temporal_Sup_L,Temporal_Pole_Sup_L,0.4123
Postcentral_R,Putamen_R,0.4122
Lingual_L,Occipital_Mid_L,0.4119
Lingual_L,Temporal_Sup_L,0.4119
Lingual_L,Cerebelum_4_5_R,0.4118
Lingual_R,Putamen_R,0.4117
Hippocampus_L,Calcarine_R,0.4115
Occipital_Mid_L,Precuneus_R,0.4114
Occipital_Sup_R,Parietal_Inf_L,0.4114
Rolandic_Oper_R,Angular_R,0.4112
Cuneus_L,Parietal_Sup_R,0.4111
Hippocampus_L,Lingual_L,0.411
Cingulum_Ant_L,Cuneus_L,0.4108
Hippocampus_L,Precuneus_L,0.4105
Insula_L,Angular_L,0.4103
Frontal_Sup_Medial_L,Cuneus_R,0.4101
Frontal_Sup_Medial_R,Parietal_Sup_R,0.4101
Occipital_Sup_R,Parietal_Inf_R,0.4099
Parietal_Inf_R,Temporal_Sup_R,0.4094
Thalamus_R,Vermis_4_5,0.4092
Hippocampus_R,Lingual_L,0.4091
Angular_L,Temporal_Sup_L,0.4091
Calcarine_R,Temporal_Mid_L,0.409
SupraMarginal_R,Vermis_4_5,0.409
Frontal_Mid_L,Putamen_L,0.409
Frontal_Sup_L,Putamen_L,0.4089
Cingulum_Ant_R,Postcentral_L,0.4089
Angular_R,Caudate_L,0.4089
Hippocampus_R,Angular_R,0.4089
Frontal_Sup_Medial_R,Lingual_R,0.4088
ParaHippocampal_L,Thalamus_L,0.4076
SupraMarginal_L,Thalamus_R,0.4074
Hippocampus_L,Cerebelum_4_5_L,0.4074
Occipital_Sup_R,Parietal_Sup_R,0.407
Rolandic_Oper_L,Cuneus_R,0.4069
Frontal_Mid_L,Cingulum_Ant_R,0.4066
Hippocampus_R,Cerebelum_4_5_L,0.4064
Frontal_Sup_Orb_R,Frontal_Mid_Orb_L,0.4063
Cingulum_Ant_R,Vermis_4_5,0.4059
Occipital_Sup_R,SupraMarginal_R,0.4058
ParaHippocampal_L,ParaHippocampal_R,0.4056
Cingulum_Mid_R,Hippocampus_L,0.4054
Cingulum_Post_L,Occipital_Sup_R,0.4054
Thalamus_R,Temporal_Sup_R,0.4053
Frontal_Sup_Medial_R,SupraMarginal_L,0.4053
SupraMarginal_L,Putamen_R,0.4053
Occipital_Sup_L,Temporal_Sup_R,0.4052
Occipital_Sup_R,Precuneus_L,0.4052
Rolandic_Oper_R,Heschl_L,0.4052
Frontal_Sup_Medial_L,Putamen_R,0.4052
Paracentral_Lobule_R,Thalamus_L,0.4042
Rolandic_Oper_L,Precuneus_L,0.4041
Cingulum_Ant_R,Lingual_L,0.4039
Frontal_Inf_Oper_L,Thalamus_L,0.4037
Calcarine_R,Thalamus_L,0.4034
Supp_Motor_Area_L,Cingulum_Ant_R,0.4034
Hippocampus_L,Temporal_Sup_L,0.4034
Paracentral_Lobule_L,Caudate_R,0.4033
Precuneus_R,Putamen_L,0.4033
Lingual_R,Thalamus_R,0.4032
Parietal_Sup_R,SupraMarginal_L,0.4032
Insula_L,Cerebelum_4_5_L,0.403
Heschl_L,Heschl_R,0.403
Rolandic_Oper_R,Cingulum_Mid_R,0.4029
Precentral_L,Putamen_R,0.4029
ParaHippocampal_R,Cerebelum_4_5_L,0.4029
Frontal_Inf_Tri_R,Rolandic_Oper_L,0.4028
Frontal_Sup_R,Occipital_Sup_L,0.4028
Rolandic_Oper_L,Occipital_Mid_L,0.4028
Occipital_Sup_L,Postcentral_R,0.4028
Insula_R,Heschl_L,0.4027
Lingual_L,Postcentral_L,0.4022
Lingual_R,Fusiform_L,0.4021
Rolandic_Oper_R,Cingulum_Mid_L,0.402
Cingulum_Ant_R,Cuneus_L,0.4019
Supp_Motor_Area_L,Temporal_Sup_L,0.4014
Frontal_Sup_Medial_L,Lingual_R,0.4012
Lingual_R,SupraMarginal_L,0.4012
ParaHippocampal_R,Cerebelum_4_5_R,0.4011
Lingual_L,Postcentral_R,0.401
Frontal_Sup_Medial_L,Occipital_Mid_L,0.401
Lingual_L,Putamen_R,0.4008
Lingual_L,Angular_L,0.4007
Insula_R,Occipital_Sup_R,0.4007
Cingulum_Post_R,Hippocampus_L,0.4005
Frontal_Sup_L,Thalamus_L,0.4005
Lingual_R,Temporal_Sup_L,0.4004
Calcarine_R,Parietal_Inf_R,0.4001
Precuneus_L,Caudate_R,0.4
Rolandic_Oper_R,Cingulum_Post_L,0.3998
Cingulum_Post_R,Putamen_R,0.3997
Thalamus_R,Heschl_R,0.3996
Precentral_R,Occipital_Sup_L,0.3995
Hippocampus_L,Temporal_Sup_R,0.3995
Precentral_L,Calcarine_L,0.3992
Occipital_Mid_L,Precuneus_L,0.399
Calcarine_L,Parietal_Inf_R,0.3988
Frontal_Sup_L,Thalamus_R,0.3987
Precuneus_L,Temporal_Sup_R,0.3986
Frontal_Sup_R,Thalamus_L,0.3979
Parietal_Inf_R,Thalamus_L,0.3976
Frontal_Sup_Medial_R,Lingual_L,0.3975
Cingulum_Mid_L,Occipital_Sup_L,0.3974
Calcarine_R,Temporal_Sup_R,0.3972
Cingulum_Mid_R,Occipital_Sup_L,0.3972
Thalamus_L,Vermis_4_5,0.3971
Frontal_Inf_Oper_R,Occipital_Sup_R,0.3971
Hippocampus_L,Heschl_L,0.397
Supp_Motor_Area_L,Calcarine_L,0.3965
Calcarine_L,Temporal_Mid_L,0.3962
Frontal_Sup_Medial_R,Vermis_4_5,0.3962
Frontal_Mid_R,Thalamus_R,0.396
SupraMarginal_R,Putamen_L,0.3958
Frontal_Mid_L,Cuneus_L,0.3958
Lingual_L,Thalamus_L,0.3956
Cingulum_Ant_L,SupraMarginal_R,0.3956
Supp_Motor_Area_R,Temporal_Sup_R,0.3955
Frontal_Inf_Oper_L,Angular_R,0.3955
Lingual_R,Postcentral_L,0.3954
Postcentral_R,Temporal_Sup_R,0.3953
Cingulum_Ant_R,Precuneus_L,0.3947
Cuneus_R,Postcentral_R,0.3946
Hippocampus_R,Heschl_R,0.3946
Frontal_Sup_Medial_L,Lingual_L,0.3945
Occipital_Mid_L,Postcentral_L,0.3945
Frontal_Mid_L,Rolandic_Oper_L,0.3944
Parietal_Sup_L,Thalamus_R,0.3943
Frontal_Inf_Orb_L,Temporal_Pole_Sup_L,0.3941
Frontal_Mid_R,Rolandic_Oper_L,0.3941
Frontal_Inf_Oper_L,Occipital_Sup_L,0.394
Lingual_L,Parietal_Inf_L,0.394
Rolandic_Oper_R,Parietal_Inf_R,0.3939
Insula_R,Occipital_Sup_L,0.3938
Calcarine_R,Caudate_R,0.3934
Occipital_Sup_L,SupraMarginal_R,0.3933
Lingual_L,Occipital_Sup_L,0.3931
Frontal_Sup_R,Vermis_4_5,0.393
Insula_L,Angular_R,0.393
Frontal_Inf_Orb_R,Putamen_R,0.393
Rolandic_Oper_L,Parietal_Inf_R,0.3927
Frontal_Sup_Medial_R,Occipital_Sup_R,0.3927
Lingual_L,SupraMarginal_R,0.3925
Rolandic_Oper_R,Precuneus_R,0.3925
Supp_Motor_Area_R,Cuneus_R,0.3924
Calcarine_L,Temporal_Sup_L,0.3919
Caudate_L,Temporal_Sup_L,0.3918
Precuneus_R,Putamen_R,0.3914
Frontal_Sup_R,Occipital_Mid_L,0.3913
Calcarine_R,Parietal_Sup_L,0.3913
Rolandic_Oper_R,Cerebelum_4_5_R,0.3912
Insula_L,Occipital_Sup_L,0.3912
Lingual_R,SupraMarginal_R,0.3911
Rolandic_Oper_R,Pallidum_L,0.391
Paracentral_Lobule_L,Thalamus_R,0.3904
Occipital_Mid_L,SupraMarginal_L,0.3904
Paracentral_Lobule_R,Caudate_L,0.3904
Cingulum_Mid_R,Lingual_L,0.3903
Insula_R,Temporal_Pole_Sup_L,0.3903
Temporal_Sup_L,Vermis_4_5,0.3901
Cuneus_R,Occipital_Mid_R,0.3899
Cuneus_R,Parietal_Sup_L,0.3897
Frontal_Inf_Tri_L,Putamen_R,0.3895
Frontal_Inf_Oper_L,Thalamus_R,0.3892
Precentral_R,Cuneus_R,0.3888
Occipital_Sup_R,Temporal_Sup_R,0.3885
Frontal_Sup_Medial_L,Vermis_4_5,0.3879
Frontal_Mid_R,Thalamus_L,0.3877
Precuneus_R,Temporal_Sup_L,0.3876
Insula_L,Thalamus_R,0.3875
Cingulum_Post_R,Occipital_Mid_L,0.3875
Lingual_L,Precuneus_R,0.3874
Rolandic_Oper_L,Thalamus_R,0.3872
Frontal_Sup_R,Thalamus_R,0.387
Occipital_Sup_L,Temporal_Mid_L,0.3869
Occipital_Sup_R,Parietal_Sup_L,0.3869
Postcentral_L,Heschl_L,0.3869
Frontal_Mid_L,Calcarine_R,0.3869
Parietal_Inf_R,Thalamus_R,0.3869
Frontal_Sup_R,Lingual_R,0.3867
Hippocampus_R,Calcarine_L,0.3862
Insula_R,Cerebelum_4_5_L,0.386
Angular_L,Putamen_L,0.3852
Parietal_Inf_L,Caudate_R,0.385
Calcarine_L,Temporal_Mid_R,0.3847
Rolandic_Oper_L,Heschl_R,0.3846
Cingulum_Mid_L,Hippocampus_L,0.3845
Frontal_Inf_Oper_L,Cuneus_R,0.3842
Lingual_R,Precuneus_R,0.3841
Cingulum_Ant_R,Paracentral_Lobule_L,0.3838
Frontal_Mid_L,Thalamus_L,0.3836
Insula_R,Occipital_Mid_L,0.3836
Rolandic_Oper_L,Occipital_Sup_L,0.3835
Calcarine_L,SupraMarginal_L,0.3833
Cuneus_L,SupraMarginal_L,0.3832
Precentral_L,Occipital_Sup_L,0.3829
Cuneus_L,Paracentral_Lobule_R,0.3827
Occipital_Sup_R,Postcentral_R,0.3826
SupraMarginal_L,Temporal_Mid_L,0.3825
Rolandic_Oper_R,Cingulum_Post_R,0.3824
Occipital_Sup_R,Postcentral_L,0.3824
Frontal_Inf_Tri_R,Rolandic_Oper_R,0.3823
Frontal_Inf_Tri_R,Calcarine_L,0.3822
Rolandic_Oper_R,Supp_Motor_Area_R,0.3822
Calcarine_R,Temporal_Mid_R,0.3821
Rolandic_Oper_L,Temporal_Sup_R,0.3819
Hippocampus_L,Lingual_R,0.3818
Precuneus_L,Putamen_L,0.3815
Cingulum_Post_L,Temporal_Mid_L,0.3815
Cuneus_L,Putamen_L,0.3812
Calcarine_R,Caudate_L,0.3811
Hippocampus_R,Cuneus_L,0.3807
Frontal_Sup_R,Occipital_Sup_R,0.3806
Lingual_R,Postcentral_R,0.3805
Cingulum_Post_L,Temporal_Sup_L,0.3802
Supp_Motor_Area_R,Putamen_L,0.3799
Paracentral_Lobule_R,Thalamus_R,0.3799
Frontal_Sup_R,Putamen_R,0.3798
Hippocampus_R,Postcentral_L,0.3798
Cingulum_Mid_R,Temporal_Sup_R,0.3798
Cingulum_Post_R,Occipital_Sup_R,0.3797
Cingulum_Ant_L,Lingual_L,0.3793
Cingulum_Ant_L,Parietal_Inf_L,0.3791
Calcarine_L,Putamen_R,0.3791
Cingulum_Post_R,Cerebelum_4_5_L,0.3791
Rolandic_Oper_R,Cuneus_L,0.379
Lingual_R,Angular_L,0.3789
Cingulum_Ant_R,Precuneus_R,0.3782
Hippocampus_R,Parietal_Inf_L,0.378
Cingulum_Post_R,Temporal_Sup_L,0.3778
Putamen_R,Vermis_4_5,0.3776
Frontal_Sup_L,Lingual_L,0.3773
Frontal_Inf_Oper_L,Lingual_R,0.3773
Cingulum_Mid_R,Hippocampus_R,0.377
Cingulum_Mid_R,Lingual_R,0.377
Rolandic_Oper_R,Cerebelum_4_5_L,0.3769
Lingual_L,Precuneus_L,0.3768
Occipital_Mid_R,Temporal_Mid_R,0.3767
Cuneus_R,SupraMarginal_R,0.3766
Calcarine_R,Vermis_3,0.3766
Calcarine_R,Fusiform_L,0.3762
Supp_Motor_Area_L,Cuneus_R,0.3761
Angular_L,Caudate_L,0.3761
Frontal_Sup_Medial_L,Occipital_Sup_R,0.3761
Calcarine_L,Paracentral_Lobule_L,0.3761
Precentral_L,Cuneus_R,0.3758
Cuneus_L,Occipital_Mid_R,0.3758
Frontal_Inf_Oper_R,Occipital_Mid_L,0.3756
Supp_Motor_Area_R,Hippocampus_L,0.3756
Lingual_R,Precuneus_L,0.3753
Frontal_Sup_L,Putamen_R,0.3752
Paracentral_Lobule_R,Caudate_R,0.3747
Calcarine_R,Paracentral_Lobule_R,0.3746
Cuneus_R,Lingual_L,0.3746
Hippocampus_L,Parietal_Sup_L,0.3746
Rolandic_Oper_L,Cerebelum_4_5_L,0.3743
Cuneus_L,Cerebelum_4_5_L,0.3742
Frontal_Mid_R,Calcarine_L,0.3741
Insula_L,Occipital_Sup_R,0.3735
Angular_R,Temporal_Mid_R,0.3735
Rolandic_Oper_R,Supp_Motor_Area_L,0.3734
Cuneus_R,Parietal_Sup_R,0.3729
Hippocampus_R,SupraMarginal_L,0.3726
Occipital_Sup_L,Parietal_Inf_R,0.3726
Frontal_Inf_Tri_R,Frontal_Inf_Orb_R,0.3726
Hippocampus_R,Cerebelum_4_5_R,0.3724
Fusiform_L,Cerebelum_4_5_R,0.3723
Hippocampus_L,Cuneus_L,0.3723
Temporal_Sup_L,Cerebelum_4_5_L,0.3721
Frontal_Inf_Oper_L,Lingual_L,0.3719
Postcentral_L,Temporal_Sup_R,0.3716
Cingulum_Mid_L,Lingual_R,0.3713
Supp_Motor_Area_R,Lingual_L,0.3711
Pallidum_L,Thalamus_L,0.3709
Hippocampus_L,Heschl_R,0.3708
SupraMarginal_R,Temporal_Sup_L,0.3708
Rolandic_Oper_L,Temporal_Mid_L,0.3707
Frontal_Inf_Tri_R,Putamen_R,0.3703
Frontal_Inf_Orb_L,Putamen_L,0.37
Thalamus_L,Cerebelum_4_5_L,0.3697
Frontal_Inf_Tri_R,Cuneus_R,0.3697
Frontal_Inf_Oper_R,Thalamus_L,0.3697
Cingulum_Ant_L,Angular_R,0.3697
Frontal_Sup_R,Temporal_Sup_R,0.3695
Frontal_Inf_Tri_R,Calcarine_R,0.3694
Calcarine_R,Fusiform_R,0.3693
Cingulum_Ant_L,SupraMarginal_L,0.3693
Frontal_Mid_L,Thalamus_R,0.3688
Cuneus_L,Caudate_L,0.3686
Heschl_L,Temporal_Sup_R,0.3685
Parietal_Sup_R,Thalamus_L,0.368
Cingulum_Mid_L,Lingual_L,0.3677
Frontal_Inf_Oper_R,Lingual_R,0.3676
Frontal_Inf_Tri_R,Parietal_Sup_R,0.3673
Angular_L,Caudate_R,0.3671
Lingual_R,Caudate_R,0.3669
Frontal_Inf_Orb_L,Insula_R,0.3668
Occipital_Mid_L,Postcentral_R,0.3667
Fusiform_L,Fusiform_R,0.3666
Frontal_Mid_R,Calcarine_R,0.3666
Parietal_Inf_L,Putamen_R,0.3663
Cingulum_Ant_L,Thalamus_R,0.3662
Insula_R,Cerebelum_4_5_R,0.3661
Putamen_L,Heschl_L,0.366
Hippocampus_L,Putamen_R,0.366
ParaHippocampal_L,Lingual_R,0.366
Frontal_Sup_Medial_R,Thalamus_R,0.3659
Precuneus_R,Heschl_R,0.3656
Hippocampus_L,Calcarine_L,0.3655
Rolandic_Oper_L,Occipital_Sup_R,0.3654
Occipital_Mid_L,Vermis_4_5,0.3653
Thalamus_L,Temporal_Sup_R,0.3653
Calcarine_R,Cerebelum_4_5_R,0.3652
Frontal_Inf_Tri_L,Frontal_Inf_Orb_L,0.3652
Frontal_Sup_L,Cuneus_R,0.3651
Cingulum_Post_L,Cerebelum_4_5_L,0.3648
Rolandic_Oper_R,SupraMarginal_L,0.3646
Hippocampus_R,Parietal_Inf_R,0.3646
Heschl_R,Temporal_Sup_L,0.3645
Precuneus_R,Heschl_L,0.3645
Lingual_L,Angular_R,0.3645
Rolandic_Oper_L,Paracentral_Lobule_R,0.3645
Putamen_L,Cerebelum_4_5_L,0.3644
Lingual_R,Occipital_Mid_L,0.3643
Parietal_Sup_R,Thalamus_R,0.3643
Calcarine_L,Paracentral_Lobule_R,0.3642
Frontal_Mid_R,Occipital_Sup_L,0.3641
Postcentral_R,Temporal_Sup_L,0.3641
Calcarine_L,Parietal_Sup_L,0.3639
Precentral_R,Occipital_Sup_R,0.3638
Frontal_Inf_Orb_L,Rolandic_Oper_L,0.3638
Rolandic_Oper_R,Thalamus_L,0.3637
Cingulum_Ant_L,Paracentral_Lobule_R,0.3637
Parietal_Sup_L,Caudate_L,0.3636
Cingulum_Ant_L,Temporal_Sup_L,0.3635
Caudate_L,Temporal_Sup_R,0.3635
Frontal_Mid_L,Putamen_R,0.3635
Hippocampus_R,Angular_L,0.3633
Occipital_Sup_L,Parietal_Sup_R,0.3631
Lingual_R,Parietal_Inf_L,0.363
Rolandic_Oper_R,Precuneus_L,0.363
Frontal_Sup_Medial_L,Thalamus_L,0.3629
Postcentral_L,Vermis_4_5,0.3629
Insula_L,Cerebelum_4_5_R,0.3627
Hippocampus_R,Cuneus_R,0.3626
Cingulum_Mid_L,Hippocampus_R,0.3626
Frontal_Inf_Tri_L,Angular_L,0.3625
Precuneus_R,Vermis_4_5,0.3623
Cuneus_R,Cerebelum_4_5_L,0.3623
Occipital_Sup_L,SupraMarginal_L,0.362
Calcarine_L,Vermis_3,0.362
Occipital_Mid_L,Cerebelum_4_5_L,0.362
Cingulum_Mid_L,Temporal_Sup_L,0.3618
Thalamus_R,Cerebelum_4_5_L,0.3616
Rolandic_Oper_R,Paracentral_Lobule_L,0.3615
Occipital_Mid_L,Parietal_Sup_L,0.3613
Insula_L,Temporal_Sup_R,0.361
Cingulum_Ant_R,SupraMarginal_R,0.3609
Frontal_Mid_R,Putamen_R,0.3607
Caudate_L,Pallidum_L,0.3606
Calcarine_L,Caudate_L,0.3604
Thalamus_R,Temporal_Sup_L,0.3602
Frontal_Mid_L,Calcarine_L,0.36
Precuneus_L,Vermis_4_5,0.3599
Frontal_Inf_Tri_R,Thalamus_R,0.3597
Lingual_R,Angular_R,0.3593
Supp_Motor_Area_R,Occipital_Sup_L,0.3591
Hippocampus_L,Vermis_4_5,0.3591
Lingual_R,Occipital_Sup_L,0.3589
Hippocampus_L,Caudate_L,0.3585
Supp_Motor_Area_L,Occipital_Sup_L,0.3583
Lingual_L,Caudate_R,0.3583
Insula_R,Angular_L,0.3582
Supp_Motor_Area_L,Temporal_Sup_R,0.358
Calcarine_R,Thalamus_R,0.358
Parietal_Inf_L,Temporal_Mid_L,0.3578
ParaHippocampal_R,Vermis_4_5,0.3577
Cingulum_Post_R,Temporal_Mid_L,0.3574
Cuneus_R,Parietal_Inf_R,0.3573
Cuneus_R,Temporal_Sup_L,0.3572
Caudate_R,Pallidum_R,0.3572
Putamen_L,Temporal_Pole_Sup_L,0.3571
Frontal_Inf_Tri_L,Calcarine_R,0.357
SupraMarginal_L,Angular_R,0.3567
Supp_Motor_Area_L,Lingual_L,0.3563
Occipital_Mid_R,Angular_R,0.3563
Postcentral_R,Vermis_4_5,0.356
Frontal_Inf_Tri_L,Paracentral_Lobule_R,0.3558
Hippocampus_R,Temporal_Sup_L,0.3556
Parietal_Inf_R,Caudate_R,0.3555
Supp_Motor_Area_R,Temporal_Sup_L,0.3554
Cingulum_Mid_R,Occipital_Sup_R,0.3553
Angular_L,Thalamus_R,0.3552
Caudate_R,Vermis_4_5,0.355
Cuneus_L,Temporal_Sup_L,0.355
Precentral_R,Temporal_Sup_R,0.3549
Hippocampus_L,Cuneus_R,0.3546
Occipital_Sup_L,Putamen_L,0.3546
Frontal_Sup_L,Occipital_Sup_L,0.3545
Occipital_Mid_L,Temporal_Sup_L,0.3544
Frontal_Inf_Tri_R,Parietal_Sup_L,0.3543
Occipital_Sup_L,Cerebelum_4_5_L,0.3542
Cingulum_Post_L,Temporal_Sup_R,0.3542
Frontal_Inf_Oper_L,Rolandic_Oper_R,0.3541
Cingulum_Ant_R,Paracentral_Lobule_R,0.354
Hippocampus_L,SupraMarginal_R,0.354
Angular_R,Thalamus_R,0.3539
Precuneus_R,Temporal_Mid_L,0.3538
Thalamus_L,Temporal_Mid_L,0.3538
Occipital_Sup_L,Occipital_Mid_R,0.3533
Cingulum_Mid_R,Temporal_Sup_L,0.3532
Cingulum_Ant_L,Parietal_Inf_R,0.3532
Caudate_R,Heschl_L,0.3529
Frontal_Mid_Orb_L,Frontal_Inf_Orb_L,0.3528
Cingulum_Mid_R,Vermis_4_5,0.3528
Frontal_Inf_Oper_L,Parietal_Sup_R,0.3525
Cuneus_R,Putamen_L,0.3525
Frontal_Med_Orb_L,Cingulum_Ant_L,0.3523
Rolandic_Oper_R,Occipital_Sup_R,0.3523
Precentral_R,Lingual_L,0.3522
ParaHippocampal_R,Cerebelum_3_R,0.3521
Precentral_L,Occipital_Sup_R,0.352
Hippocampus_L,Postcentral_R,0.352
Cingulum_Mid_L,Temporal_Sup_R,0.3519
Angular_R,Vermis_4_5,0.3518
Frontal_Inf_Tri_L,Parietal_Sup_L,0.3518
Putamen_R,Temporal_Pole_Sup_L,0.3517
Precentral_R,Occipital_Mid_L,0.3514
Cingulum_Mid_L,Occipital_Sup_R,0.3514
Rolandic_Oper_R,Occipital_Mid_L,0.3514
Precentral_R,Hippocampus_L,0.3512
Occipital_Mid_L,Putamen_L,0.3511
Occipital_Sup_L,Vermis_4_5,0.3509
Rolandic_Oper_R,Cuneus_R,0.3505
Cingulum_Post_R,Temporal_Sup_R,0.3504
Parietal_Inf_R,Putamen_L,0.3503
Angular_L,Vermis_4_5,0.3502
Rolandic_Oper_R,Parietal_Inf_L,0.3499
Precuneus_L,Putamen_R,0.3498
Cuneus_R,Temporal_Mid_R,0.3497
Insula_L,Parietal_Sup_L,0.3497
Lingual_L,Temporal_Mid_L,0.3492
Calcarine_L,Fusiform_L,0.3491
Precentral_L,Rolandic_Oper_R,0.3488
Cuneus_R,Vermis_4_5,0.3488
Cerebelum_3_L,Vermis_4_5,0.3486
Rolandic_Oper_R,Paracentral_Lobule_R,0.3484
Hippocampus_R,Caudate_L,0.3482
Cingulum_Mid_L,Occipital_Mid_L,0.348
Frontal_Inf_Tri_L,Parietal_Inf_R,0.3479
Paracentral_Lobule_L,Putamen_L,0.3479
Temporal_Sup_R,Vermis_4_5,0.3479
Supp_Motor_Area_L,Hippocampus_L,0.3477
Rolandic_Oper_L,Angular_R,0.3477
Precuneus_L,Temporal_Sup_L,0.3476
Frontal_Inf_Orb_R,Putamen_L,0.3475
Hippocampus_R,Parietal_Sup_L,0.3472
Cingulum_Mid_L,Vermis_4_5,0.3472
Cingulum_Mid_R,Occipital_Mid_L,0.3472
Paracentral_Lobule_L,Putamen_R,0.3471
SupraMarginal_R,Cerebelum_4_5_L,0.347
Precentral_R,Lingual_R,0.3469
Supp_Motor_Area_L,Vermis_4_5,0.3468
Precentral_L,Lingual_R,0.3466
Olfactory_L,Olfactory_R,0.3452
Frontal_Med_Orb_R,Insula_R,0.3451
Lingual_R,Caudate_L,0.3448
Frontal_Med_Orb_R,Cingulum_Ant_L,0.3448
Precentral_L,Hippocampus_L,0.3441
Angular_R,Heschl_R,0.3441
Hippocampus_R,Occipital_Sup_L,0.3441
Frontal_Inf_Tri_L,Cuneus_L,0.344
Frontal_Mid_R,Cuneus_R,0.344
Frontal_Inf_Tri_R,SupraMarginal_L,0.3438
Frontal_Sup_L,Temporal_Sup_L,0.3437
Supp_Motor_Area_L,Lingual_R,0.3435
Hippocampus_R,Postcentral_R,0.3435
Cuneus_L,Temporal_Mid_R,0.3431
Rolandic_Oper_L,Cerebelum_4_5_R,0.3428
Angular_L,Cerebelum_4_5_L,0.3428
Frontal_Inf_Tri_L,SupraMarginal_R,0.3426
Frontal_Mid_R,Occipital_Mid_L,0.3424
Cuneus_L,Heschl_R,0.3421
Cuneus_R,Lingual_R,0.342
Rolandic_Oper_L,Hippocampus_L,0.3418
Calcarine_L,Caudate_R,0.3418
Frontal_Inf_Oper_L,Temporal_Sup_L,0.3413
Occipital_Mid_L,SupraMarginal_R,0.3413
Fusiform_L,Temporal_Mid_L,0.3411
Lingual_L,Temporal_Sup_R,0.3411
Calcarine_R,Parietal_Sup_R,0.3409
Hippocampus_R,Paracentral_Lobule_L,0.3408
Rolandic_Oper_L,Parietal_Sup_L,0.3408
Postcentral_R,Heschl_L,0.3407
Frontal_Sup_R,Cerebelum_4_5_L,0.3407
ParaHippocampal_R,Lingual_L,0.3405
Frontal_Sup_Orb_L,Insula_R,0.3404
Cuneus_L,Thalamus_L,0.3403
Supp_Motor_Area_L,Heschl_L,0.3402
Cingulum_Ant_R,Occipital_Mid_L,0.3401
Frontal_Inf_Tri_R,Occipital_Sup_L,0.34
Hippocampus_L,Fusiform_L,0.3399
Frontal_Inf_Tri_L,Thalamus_L,0.3398
Insula_R,Parietal_Sup_L,0.3395
Postcentral_R,Heschl_R,0.3394
Hippocampus_L,Putamen_L,0.3393
Lingual_R,Cerebelum_3_L,0.3392
Cuneus_R,Paracentral_Lobule_L,0.3391
ParaHippocampal_L,Cerebelum_3_L,0.3385
Parietal_Sup_R,Caudate_L,0.3385
Insula_R,Parietal_Sup_R,0.3383
Calcarine_L,Thalamus_L,0.3382
Cerebelum_3_L,Cerebelum_4_5_R,0.3382
Cingulum_Ant_R,Cerebelum_4_5_L,0.3381
Hippocampus_L,Occipital_Sup_L,0.338
Occipital_Sup_L,Paracentral_Lobule_L,0.3378
Paracentral_Lobule_R,Temporal_Sup_R,0.3378
Precentral_L,Lingual_L,0.3376
Supp_Motor_Area_R,Hippocampus_R,0.3376
Frontal_Sup_L,Vermis_4_5,0.3376
Frontal_Sup_L,Lingual_R,0.3374
Parietal_Inf_L,Temporal_Sup_R,0.3372
Lingual_R,Cerebelum_3_R,0.3372
Putamen_R,Cerebelum_4_5_L,0.3372
Lingual_L,Thalamus_R,0.3371
Cingulum_Ant_L,Occipital_Mid_L,0.3368
Cuneus_R,SupraMarginal_L,0.3366
Temporal_Sup_R,Temporal_Mid_L,0.3365
Parietal_Sup_R,Temporal_Sup_R,0.3365
Pallidum_L,Heschl_L,0.3365
Frontal_Mid_L,Cuneus_R,0.3365
Frontal_Sup_Medial_R,Cerebelum_4_5_L,0.3365
Rolandic_Oper_R,Temporal_Pole_Sup_L,0.3365
Precentral_L,Occipital_Mid_L,0.3364
Lingual_L,Occipital_Sup_R,0.3363
Supp_Motor_Area_L,Hippocampus_R,0.3356
Cingulum_Post_L,Heschl_R,0.3356
Insula_L,Hippocampus_L,0.3354
Supp_Motor_Area_R,Lingual_R,0.3352
Occipital_Sup_L,Caudate_L,0.3351
Rolandic_Oper_L,Hippocampus_R,0.3351
Frontal_Inf_Oper_L,Vermis_4_5,0.335
Rolandic_Oper_R,Thalamus_R,0.3347
Cerebelum_3_R,Cerebelum_4_5_L,0.3338
Insula_L,Vermis_3,0.3336
Paracentral_Lobule_L,Heschl_L,0.3335
Parietal_Inf_L,Heschl_R,0.3333
Postcentral_L,Heschl_R,0.3332
Caudate_L,Vermis_4_5,0.3331
Supp_Motor_Area_R,Heschl_L,0.3331
Putamen_R,Temporal_Sup_R,0.3328
Cingulum_Ant_L,Cerebelum_4_5_L,0.3327
Precuneus_L,Heschl_R,0.3324
Rolandic_Oper_R,Occipital_Sup_L,0.3323
Frontal_Inf_Oper_R,Frontal_Inf_Orb_R,0.3322
Frontal_Inf_Oper_L,Occipital_Sup_R,0.3321
Frontal_Sup_Medial_R,Thalamus_L,0.332
Frontal_Sup_Orb_L,Insula_L,0.3317
Vermis_1_2,Vermis_3,0.3316
Cingulum_Ant_L,Pallidum_L,0.3316
Insula_R,Temporal_Pole_Sup_R,0.3316
Fusiform_L,Temporal_Sup_L,0.3316
Angular_R,Putamen_L,0.3315
ParaHippocampal_L,SupraMarginal_L,0.3314
ParaHippocampal_L,Angular_L,0.3312
Occipital_Sup_R,Vermis_4_5,0.3312
Lingual_L,Cerebelum_3_L,0.3311
Frontal_Sup_L,Temporal_Sup_R,0.3311
ParaHippocampal_L,Thalamus_R,0.331
Paracentral_Lobule_R,Putamen_R,0.3308
Cingulum_Mid_L,Temporal_Mid_L,0.3306
Frontal_Inf_Tri_R,Angular_L,0.3305
Cingulum_Ant_L,Angular_L,0.3304
Paracentral_Lobule_L,Temporal_Sup_R,0.3303
Cuneus_R,Paracentral_Lobule_R,0.3303
Thalamus_R,Vermis_3,0.3303
Frontal_Sup_R,Temporal_Sup_L,0.3302
Cingulum_Ant_L,Parietal_Sup_L,0.3302
Heschl_L,Temporal_Mid_L,0.3296
Parietal_Inf_R,Heschl_R,0.3295
Frontal_Sup_Orb_L,Cingulum_Ant_L,0.3293
Cingulum_Ant_L,Cuneus_R,0.3293
Paracentral_Lobule_R,Putamen_L,0.3292
Insula_R,Hippocampus_R,0.3292
Lingual_L,Parietal_Inf_R,0.3291
Frontal_Inf_Orb_L,Rolandic_Oper_R,0.3289
Frontal_Sup_L,Rolandic_Oper_R,0.3287
Cingulum_Mid_L,Heschl_L,0.3287
Insula_L,Temporal_Mid_L,0.3283
Frontal_Sup_Medial_R,Temporal_Sup_R,0.3283
ParaHippocampal_R,Vermis_3,0.3282
Cingulum_Ant_L,Occipital_Sup_L,0.3281
Fusiform_L,Vermis_4_5,0.328
Lingual_L,Paracentral_Lobule_L,0.3279
Frontal_Sup_L,Occipital_Mid_L,0.3277
Hippocampus_R,Fusiform_R,0.3277
Frontal_Mid_Orb_R,Frontal_Inf_Orb_R,0.3277
SupraMarginal_L,Vermis_4_5,0.3275
Frontal_Inf_Oper_R,Lingual_L,0.3274
ParaHippocampal_L,Parietal_Inf_L,0.3273
Lingual_R,Occipital_Sup_R,0.3273
Cingulum_Post_R,ParaHippocampal_L,0.327
Frontal_Sup_L,Occipital_Sup_R,0.327
Lingual_L,Caudate_L,0.3267
Hippocampus_L,Parietal_Inf_R,0.3265
Precuneus_R,Cerebelum_4_5_L,0.3263
Cingulum_Mid_R,Heschl_R,0.3262
Cuneus_R,Thalamus_L,0.3262
Hippocampus_L,Caudate_R,0.3262
Calcarine_L,Cerebelum_4_5_R,0.3256
Putamen_R,Heschl_R,0.3253
Angular_R,Cerebelum_4_5_L,0.3252
Frontal_Inf_Tri_R,Occipital_Mid_L,0.3251
Hippocampus_R,Heschl_L,0.3251
Cingulum_Mid_L,Heschl_R,0.325
Parietal_Sup_L,Caudate_R,0.3247
Cingulum_Ant_R,Temporal_Sup_L,0.3243
Precentral_R,Vermis_4_5,0.3243
Frontal_Inf_Oper_R,Vermis_4_5,0.3242
Cingulum_Ant_R,Angular_R,0.3239
Precentral_R,Hippocampus_R,0.3238
Insula_L,Heschl_R,0.3237
Occipital_Mid_L,Parietal_Inf_R,0.3236
Cingulum_Ant_L,Thalamus_L,0.3233
Supp_Motor_Area_R,Vermis_4_5,0.3233
SupraMarginal_R,Temporal_Mid_R,0.323
Cingulum_Mid_R,Heschl_L,0.323
Cuneus_L,Putamen_R,0.323
Frontal_Mid_R,Rolandic_Oper_R,0.3226
Parietal_Inf_L,Vermis_4_5,0.3226
Occipital_Sup_L,Paracentral_Lobule_R,0.3223
Precuneus_L,Heschl_L,0.3223
Frontal_Sup_Medial_L,Temporal_Sup_L,0.3221
Cingulum_Mid_R,Temporal_Mid_L,0.3219
Hippocampus_R,Paracentral_Lobule_R,0.3218
Paracentral_Lobule_L,Temporal_Sup_L,0.3218
Pallidum_R,Thalamus_R,0.3217
Lingual_R,Heschl_L,0.3216
Angular_L,Heschl_L,0.3216
Lingual_L,Paracentral_Lobule_R,0.3213
Frontal_Mid_Orb_L,Frontal_Med_Orb_L,0.3213
Fusiform_L,Cerebelum_3_L,0.3213
Occipital_Sup_L,Temporal_Sup_L,0.3212
Parietal_Inf_R,Putamen_R,0.3211
Frontal_Inf_Orb_R,Rolandic_Oper_L,0.3211
Pallidum_L,Vermis_4_5,0.3211
Frontal_Mid_L,Occipital_Sup_L,0.321
Lingual_R,Parietal_Sup_L,0.321
Supp_Motor_Area_L,Occipital_Mid_L,0.3209
Rolandic_Oper_R,Frontal_Med_Orb_R,0.3208
Angular_R,Thalamus_L,0.3207
Cingulum_Ant_R,Occipital_Sup_L,0.3207
Postcentral_L,Temporal_Mid_L,0.3207
Cingulum_Ant_R,SupraMarginal_L,0.3206
ParaHippocampal_L,Precuneus_R,0.3206
Frontal_Inf_Tri_L,Calcarine_L,0.3204
Cingulum_Post_L,ParaHippocampal_L,0.3203
Frontal_Inf_Orb_R,Cingulum_Ant_R,0.3202
Cerebelum_3_L,Cerebelum_3_R,0.3201
Parietal_Sup_L,Putamen_L,0.3201
Supp_Motor_Area_R,Occipital_Sup_R,0.32
Hippocampus_L,Paracentral_Lobule_L,0.3198
Frontal_Inf_Tri_R,Temporal_Sup_R,0.3198
Calcarine_L,Occipital_Mid_R,0.3196
Fusiform_R,Cerebelum_3_R,0.3195
Temporal_Sup_L,Cerebelum_4_5_R,0.3194
Insula_L,Hippocampus_R,0.3194
Calcarine_L,Parietal_Sup_R,0.3193
Calcarine_R,Heschl_L,0.319
Frontal_Inf_Oper_R,Temporal_Sup_R,0.3188
Lingual_R,Parietal_Inf_R,0.3184
Rolandic_Oper_R,Fusiform_R,0.3184
Hippocampus_L,ParaHippocampal_R,0.318
Lingual_L,Heschl_L,0.3178
Supp_Motor_Area_R,Heschl_R,0.3177
Parietal_Inf_R,Vermis_4_5,0.3177
Occipital_Sup_L,Heschl_R,0.3177
Occipital_Sup_R,Temporal_Mid_R,0.3176
Frontal_Med_Orb_L,Insula_R,0.3175
Insula_R,Hippocampus_L,0.3171
Cingulum_Ant_R,Angular_L,0.3171
Frontal_Inf_Tri_L,Occipital_Mid_L,0.317
Cingulum_Ant_R,Cuneus_R,0.3169
Frontal_Inf_Orb_L,Pallidum_L,0.3167
Lingual_R,Paracentral_Lobule_L,0.3163
Angular_L,Putamen_R,0.3162
Frontal_Inf_Tri_R,Occipital_Sup_R,0.316
Frontal_Inf_Orb_L,Temporal_Sup_L,0.3159
Frontal_Sup_Medial_L,Temporal_Sup_R,0.3158
Lingual_R,Temporal_Sup_R,0.3156
ParaHippocampal_L,Temporal_Mid_L,0.3152
Precuneus_L,Temporal_Mid_L,0.315
Lingual_R,Temporal_Mid_L,0.3149
Temporal_Sup_R,Cerebelum_4_5_L,0.3148
Occipital_Mid_L,Occipital_Mid_R,0.3147
Frontal_Sup_Medial_L,Cerebelum_4_5_L,0.3145
Frontal_Mid_R,Lingual_L,0.3145
Hippocampus_L,Paracentral_Lobule_R,0.3145
Hippocampus_R,Parietal_Sup_R,0.3144
ParaHippocampal_L,Calcarine_R,0.3143
Putamen_L,Cerebelum_4_5_R,0.3141
Lingual_L,Parietal_Sup_L,0.3141
Cingulum_Ant_L,Occipital_Sup_R,0.3138
Calcarine_L,Thalamus_R,0.3136
Putamen_R,Cerebelum_4_5_R,0.3135
Frontal_Inf_Tri_L,Temporal_Sup_L,0.3134
Frontal_Med_Orb_R,Insula_L,0.3133
Temporal_Sup_R,Cerebelum_4_5_R,0.3132
Supp_Motor_Area_L,Heschl_R,0.3132
Cingulum_Ant_R,Thalamus_R,0.313
ParaHippocampal_L,Fusiform_R,0.313
Paracentral_Lobule_L,Vermis_4_5,0.313
Cuneus_L,Caudate_R,0.3129
SupraMarginal_R,Heschl_L,0.3129
Supp_Motor_Area_R,Temporal_Mid_L,0.3127
Hippocampus_R,Putamen_L,0.3126
Supp_Motor_Area_L,Temporal_Mid_L,0.3126
Precentral_R,Temporal_Sup_L,0.3124
Frontal_Inf_Orb_R,Cingulum_Ant_L,0.312
Frontal_Sup_Medial_R,Temporal_Sup_L,0.3119
Frontal_Sup_R,Temporal_Mid_L,0.3117
Occipital_Sup_L,Thalamus_L,0.3117
Fusiform_R,Vermis_3,0.3116
Temporal_Mid_L,Cerebelum_4_5_L,0.3114
Caudate_L,Heschl_R,0.3113
Cerebelum_3_R,Vermis_1_2,0.3113
Insula_R,Fusiform_R,0.3109
Angular_R,Caudate_R,0.3102
Cuneus_R,Caudate_L,0.31
Cuneus_R,Putamen_R,0.31
Temporal_Pole_Sup_L,Temporal_Pole_Sup_R,0.3096
Occipital_Sup_R,Putamen_L,0.3095
Occipital_Sup_R,Cerebelum_4_5_L,0.3095
Cerebelum_3_R,Vermis_4_5,0.3093
Frontal_Sup_L,Temporal_Mid_L,0.3093
Cingulum_Post_R,Vermis_3,0.3092
Cuneus_L,Thalamus_R,0.3091
Supp_Motor_Area_R,Occipital_Mid_L,0.3091
Caudate_R,Pallidum_L,0.309
Cingulum_Ant_R,Pallidum_L,0.3086
Precentral_L,Vermis_4_5,0.3085
Occipital_Sup_L,Temporal_Mid_R,0.3077
Frontal_Mid_L,Lingual_L,0.3076
ParaHippocampal_L,Vermis_4_5,0.3076
Caudate_L,Heschl_L,0.3071
Frontal_Sup_Medial_L,Temporal_Mid_R,0.3069
Occipital_Mid_L,Parietal_Sup_R,0.3067
Frontal_Inf_Oper_L,Hippocampus_L,0.3067
Supp_Motor_Area_L,Occipital_Sup_R,0.3067
Thalamus_L,Vermis_3,0.3066
Temporal_Pole_Sup_L,Vermis_4_5,0.3066
Frontal_Med_Orb_R,Cingulum_Ant_R,0.3065
Cingulum_Mid_R,Cerebelum_4_5_L,0.3064
Thalamus_R,Heschl_L,0.3063
ParaHippocampal_L,Precuneus_L,0.3061
Cingulum_Post_L,Heschl_L,0.3059
Cingulum_Mid_R,ParaHippocampal_L,0.3058
Insula_R,Temporal_Mid_L,0.3058
Angular_R,Putamen_R,0.3057
Fusiform_R,Temporal_Sup_L,0.3056
ParaHippocampal_L,Temporal_Sup_L,0.3055
Precuneus_L,Cerebelum_4_5_L,0.3055
Fusiform_R,Cerebelum_3_L,0.3053
Frontal_Inf_Orb_L,Putamen_R,0.3052
Insula_L,Fusiform_R,0.3052
Caudate_R,Temporal_Sup_R,0.3043
Cingulum_Ant_R,Parietal_Inf_L,0.3041
Frontal_Mid_L,Occipital_Mid_L,0.3038
ParaHippocampal_L,Postcentral_L,0.3032
Precentral_L,Temporal_Sup_L,0.3031
Rolandic_Oper_R,Angular_L,0.303
Hippocampus_L,Occipital_Mid_L,0.3028
Rolandic_Oper_L,Fusiform_R,0.3025
Hippocampus_L,Parietal_Sup_R,0.3023
ParaHippocampal_L,Cerebelum_4_5_R,0.3022
Heschl_L,Cerebelum_4_5_R,0.302
Frontal_Mid_R,Occipital_Sup_R,0.3018
Cingulum_Ant_L,Temporal_Pole_Sup_L,0.3018
SupraMarginal_L,Heschl_R,0.3017
Frontal_Inf_Oper_L,Temporal_Mid_L,0.3014
Frontal_Inf_Oper_L,Cerebelum_4_5_L,0.3012
Postcentral_L,Cerebelum_4_5_L,0.301
Frontal_Inf_Tri_R,Thalamus_L,0.3009
Frontal_Inf_Tri_L,Parietal_Sup_R,0.3009
Frontal_Inf_Tri_L,Thalamus_R,0.3008
SupraMarginal_L,Cerebelum_4_5_L,0.3007
Parietal_Sup_L,Temporal_Sup_R,0.3006
Temporal_Mid_L,Vermis_4_5,0.3005
Frontal_Sup_R,Heschl_R,0.3005
Thalamus_R,Temporal_Mid_L,0.3004
ParaHippocampal_L,Vermis_3,0.3004
