Region,Sub_Mean_Degree,Diag_Mean_Degree,Degree_Diff,U_Statistic,P_Value,P_Value_FDR,Significant_FDR,Effect_Size
Precentral_L,30.220966116269352,31.253409611528774,1.0324434952594217,751.0,0.6100067333963222,0.998430791042222,False,0.0670807453416149
Temporal_Mid_L,17.31561679115212,18.299455070478405,0.9838382793262852,736.5,0.5167637397143255,0.998430791042222,False,0.08509316770186337
Temporal_Pole_Sup_R,12.704202856524182,11.372425817852646,-1.331777038671536,870.0,0.5332312548974527,0.998430791042222,False,-0.08074534161490687
Temporal_Pole_Sup_L,14.496562010408686,14.04918325350859,-0.4473787569000969,837.0,0.7619175355646707,0.998430791042222,False,-0.03975155279503095
Temporal_Sup_R,24.848856618844586,21.461899671362318,-3.3869569474822683,905.0,0.34281217844086476,0.998430791042222,False,-0.12422360248447206
Temporal_Sup_L,25.216004811018742,23.927601647837818,-1.2884031631809236,831.0,0.8079166653123115,0.998430791042222,False,-0.032298136645962705
Heschl_R,20.01883199774423,19.413749384398976,-0.6050826133452532,812.5,0.9467878190917622,0.998430791042222,False,-0.009316770186335477
Heschl_L,20.84750865768516,19.667106945997308,-1.1804017116878533,832.0,0.8005354793857334,0.998430791042222,False,-0.03354037267080745
Thalamus_R,24.97681868395256,24.661447810908168,-0.31537087304439027,826.0,0.8450445713992056,0.998430791042222,False,-0.026086956521739202
Thalamus_L,28.832044419142512,25.846910380307424,-2.9851340388350884,889.0,0.42598498292242293,0.998430791042222,False,-0.10434782608695659
Pallidum_R,19.073287973093368,13.69819916960883,-5.375088803484537,923.0,0.26216924152804866,0.998430791042222,False,-0.14658385093167703
Pallidum_L,20.3916191779521,17.831675039038167,-2.5599441389139344,883.0,0.45942317761433893,0.998430791042222,False,-0.09689440993788812
Temporal_Mid_R,16.578306700676936,13.350689335583754,-3.2276173650931828,912.0,0.3099229739949583,0.998430791042222,False,-0.13291925465838506
Putamen_R,29.00058219426472,26.696848771575684,-2.303733422689035,842.0,0.7278436813413087,0.998430791042222,False,-0.04596273291925468
Caudate_L,28.325259202305155,26.390769652025625,-1.9344895502795296,886.0,0.44279662911119,0.998430791042222,False,-0.10062111801242235
Paracentral_Lobule_R,27.744172606477743,27.17116746613384,-0.573005140343902,816.0,0.9202601811842476,0.998430791042222,False,-0.013664596273291973
Precuneus_R,32.67367675116183,32.659263160681164,-0.014413590480664595,790.0,0.8900494762948143,0.998430791042222,False,0.018633540372670843
Angular_R,22.274373518696144,25.41124552015166,3.136872001455515,722.0,0.43153666294770576,0.998430791042222,False,0.10310559006211184
Angular_L,22.7495374817361,25.448298588233502,2.698761106497404,699.0,0.3144988759761822,0.998430791042222,False,0.13167701863354042
SupraMarginal_R,26.948321801626268,28.720475447271678,1.7721536456454103,746.0,0.5770264714770392,0.998430791042222,False,0.07329192546583851
SupraMarginal_L,25.324941093532445,25.636589225963792,0.3116481324313476,793.0,0.9126949720928413,0.998430791042222,False,0.014906832298136607
Parietal_Inf_R,25.205382610707442,27.26414464796561,2.0587620372581696,735.0,0.5075827317082178,0.998430791042222,False,0.08695652173913049
Parietal_Inf_L,29.823793231192095,30.698848104337525,0.8750548731454302,760.0,0.6713771462695157,0.998430791042222,False,0.05590062111801242
Parietal_Sup_R,23.047743250272013,24.903939244095767,1.8561959938237536,739.0,0.5323185137336572,0.998430791042222,False,0.08198757763975151
Parietal_Sup_L,26.20424025323176,27.152243365988646,0.9480031127568864,758.0,0.6575295763002251,0.998430791042222,False,0.05838509316770191
Caudate_R,28.3820302491693,24.540208387440785,-3.8418218617285156,905.0,0.34280945347524383,0.998430791042222,False,-0.12422360248447206
Vermis_9,0.6686289462822644,0.11590608453302367,-0.5527228617492408,825.0,0.6822281905630401,0.998430791042222,False,-0.024844720496894457
Temporal_Pole_Mid_L,3.0196377302264183,1.4042692698367334,-1.615368460389685,824.5,0.776823668820783,0.998430791042222,False,-0.024223602484471973
Temporal_Inf_L,8.376562307633415,6.110405120126775,-2.26615718750664,818.0,0.9023777989853983,0.998430791042222,False,-0.016149068322981464
Vermis_8,1.0434814486825028,0.30247269574489793,-0.7410087529376048,816.0,0.8665010315765362,0.998430791042222,False,-0.013664596273291973
Vermis_7,1.9508249050588908,1.1209301238470788,-0.829894781211812,753.0,0.5430107972616733,0.998430791042222,False,0.06459627329192552
Vermis_6,8.349936855939418,3.5923599213572,-4.757576934582218,845.5,0.6954875221887336,0.998430791042222,False,-0.050310559006211175
Vermis_4_5,24.10436260762641,24.60310520991788,0.4987426022914718,775.0,0.778372251203629,0.998430791042222,False,0.037267080745341574
Vermis_1_2,7.4359364016075835,6.502809481813633,-0.9331269197939509,888.0,0.3875431749719638,0.998430791042222,False,-0.10310559006211184
Cerebelum_10_R,0.29073689777822004,0.0,-0.29073689777822004,851.0,0.10660205048336792,0.998430791042222,False,-0.05714285714285716
Cerebelum_10_L,0.21584345807662578,0.0,-0.21584345807662578,828.0,0.2620747643138991,0.998430791042222,False,-0.02857142857142847
Cerebelum_9_R,0.2477977719669234,0.6401529973299118,0.3923552253629884,815.0,0.8093747206931738,0.998430791042222,False,-0.012422360248447228
Cerebelum_9_L,0.9036054209210032,0.084346905637797,-0.8192585152832061,840.0,0.4303983104406953,0.998430791042222,False,-0.04347826086956519
Cerebelum_8_R,0.6866486761919387,0.18635513635824855,-0.5002935398336902,820.0,0.7607897791703069,0.998430791042222,False,-0.01863354037267073
Cerebelum_8_L,0.1964721609859952,0.5104093725066496,0.31393721152065446,843.5,0.4572609439127656,0.998430791042222,False,-0.047826086956521685
Temporal_Pole_Mid_R,5.6405693945175175,2.410912076945701,-3.2296573175718164,960.0,0.0950693407922054,0.998430791042222,False,-0.1925465838509317
Cerebelum_7b_R,0.03930667527557141,0.0,-0.03930667527557141,828.0,0.2620747643138991,0.998430791042222,False,-0.02857142857142847
Cerebelum_6_R,9.58827473523161,5.252689867073409,-4.3355848681582,846.0,0.6918750408579126,0.998430791042222,False,-0.05093167701863344
Cerebelum_6_L,11.36475856074422,8.287861667878296,-3.076896892865923,817.0,0.9108438134085934,0.998430791042222,False,-0.014906832298136719
Cerebelum_4_5_R,17.494654837691733,18.21831585641835,0.7236610187266166,764.0,0.698668230315073,0.998430791042222,False,0.05093167701863355
Cerebelum_4_5_L,20.449263468598804,21.401728535153904,0.9524650665550993,770.0,0.7415753430828491,0.998430791042222,False,0.04347826086956519
Cerebelum_3_R,10.902952930349175,10.975437656408582,0.07248472605940748,791.5,0.9003660744412394,0.998430791042222,False,0.016770186335403725
Cerebelum_3_L,13.19725263794688,13.029514295442393,-0.16773834250448694,786.5,0.8623744795924374,0.998430791042222,False,0.02298136645962734
Cerebelum_Crus2_R,0.07693848527383984,0.13774428805752523,0.060805802783685386,801.0,0.9454132548528853,0.998430791042222,False,0.004968944099378869
Cerebelum_Crus2_L,0.2735189867490655,0.12222623544271834,-0.15129275130634717,945.5,0.048841287313446044,0.998430791042222,False,-0.17453416149068324
Cerebelum_Crus1_R,1.8054469307949579,0.6524558235032358,-1.152991107291722,761.0,0.5964983514935895,0.998430791042222,False,0.05465838509316767
Cerebelum_Crus1_L,2.99262894991429,0.5819051116591806,-2.4107238382551097,897.0,0.3228684410257948,0.998430791042222,False,-0.11428571428571432
Temporal_Inf_R,6.033579057581879,5.734946430796383,-0.29863262678549596,814.0,0.9340395241925332,0.998430791042222,False,-0.011180124223602483
Cerebelum_7b_L,0.0431777011679786,0.010500801801760764,-0.032676899366217836,811.0,0.8453480701067895,0.998430791042222,False,-0.007453416149068248
Postcentral_L,32.755011957835976,33.815654084787326,1.0606421269513504,771.0,0.7494339982909721,0.998430791042222,False,0.04223602484472044
Postcentral_R,31.777911280242435,32.60386696538226,0.8259556851398244,779.0,0.8079166653123115,0.998430791042222,False,0.032298136645962705
Fusiform_L,16.44373236119056,16.709026414664294,0.2652940534737347,797.0,0.9425642419346528,0.998430791042222,False,0.009937888198757738
Rectus_L,7.676214000770258,8.207252740785766,0.5310387400155072,839.0,0.7416240958767906,0.998430791042222,False,-0.04223602484472044
Frontal_Med_Orb_R,15.289859135543841,11.447754382733889,-3.842104752809952,897.5,0.37779980151441184,0.998430791042222,False,-0.11490683229813659
Frontal_Med_Orb_L,12.986754572721647,10.581041114689,-2.405713458032647,845.0,0.704935513290157,0.998430791042222,False,-0.049689440993788914
Frontal_Sup_Medial_R,29.980411199361257,31.661650319197115,1.6812391198358583,718.0,0.40955177523527464,0.998430791042222,False,0.10807453416149071
Frontal_Sup_Medial_L,31.20619690131409,31.40131575111868,0.19511884980459016,788.0,0.8750010042515137,0.998430791042222,False,0.02111801242236022
Olfactory_R,9.317038774888509,6.522151293762196,-2.794887481126313,933.0,0.21880716921045307,0.998430791042222,False,-0.15900621118012426
Olfactory_L,10.96920541244284,8.097430875641994,-2.871774536800846,841.0,0.7330854932129043,0.998430791042222,False,-0.044720496894409933
Supp_Motor_Area_R,31.144903901986755,31.658729203945423,0.5138253019586685,781.0,0.8227209374784461,0.998430791042222,False,0.029813664596273326
Supp_Motor_Area_L,30.54205496122675,31.68725825726394,1.1452032960371916,771.0,0.7494339982909721,0.998430791042222,False,0.04223602484472044
Rolandic_Oper_R,28.084834036914362,26.70648830825616,-1.3783457286582035,855.0,0.6369780166641172,0.998430791042222,False,-0.06211180124223592
Rolandic_Oper_L,28.248443313943685,28.48846433333083,0.24002101938714304,794.0,0.9202601811842476,0.998430791042222,False,0.013664596273291973
Frontal_Inf_Orb_R,18.27721164860167,14.159098446458717,-4.118113202142954,940.0,0.19830920219706094,0.998430791042222,False,-0.16770186335403725
Frontal_Inf_Orb_L,18.11238171150028,14.449129696594476,-3.6632520149058045,932.0,0.22601198240401543,0.998430791042222,False,-0.1577639751552795
Frontal_Inf_Tri_R,25.529115573838062,26.166985764876486,0.6378701910384237,780.0,0.8153105594220981,0.998430791042222,False,0.03105590062111796
Frontal_Inf_Tri_L,26.42268389583587,24.769626153864564,-1.6530577419713062,859.0,0.6100067333963222,0.998430791042222,False,-0.0670807453416149
Frontal_Inf_Oper_R,27.424524288089497,30.45574300777179,3.0312187196822933,719.0,0.41498716247939393,0.998430791042222,False,0.10683229813664596
Frontal_Inf_Oper_L,26.919905817870834,28.42975956791929,1.5098537500484568,765.0,0.7064789192302466,0.998430791042222,False,0.0496894409937888
Frontal_Mid_Orb_R,10.501189482074867,9.080199799989865,-1.4209896820850023,869.0,0.5438747318858741,0.998430791042222,False,-0.07950310559006213
Frontal_Mid_Orb_L,11.908622607633397,8.642793807659247,-3.26582879997415,860.0,0.6019459708777937,0.998430791042222,False,-0.06832298136645965
Frontal_Mid_R,30.94135283570338,29.573392754585235,-1.3679600811181452,852.0,0.6575295763002251,0.998430791042222,False,-0.05838509316770191
Frontal_Mid_L,29.897701020233814,28.48936649597997,-1.4083345242538456,860.0,0.6033439672194636,0.998430791042222,False,-0.06832298136645965
Frontal_Sup_Orb_R,15.042608277164724,9.440217458782092,-5.6023908183826325,950.0,0.1666744295637319,0.998430791042222,False,-0.18012422360248448
Frontal_Sup_Orb_L,12.424060468208259,11.470231672010112,-0.9538287961981471,786.0,0.8594626035111881,0.998430791042222,False,0.023602484472049712
Frontal_Sup_L,32.22752557006957,30.335324039748848,-1.892201530320719,887.0,0.4371510133283888,0.998430791042222,False,-0.1018633540372671
Precentral_R,31.193823737360642,32.564856957801446,1.371033220440804,753.0,0.6234292496465386,0.998430791042222,False,0.06459627329192552
Rectus_R,8.770451466420148,5.239350553371744,-3.5311009130484043,892.0,0.38790138384404826,0.998430791042222,False,-0.1080745341614906
Fusiform_R,15.785421985309508,16.64319740591242,0.8577754206029127,769.0,0.7336151436523258,0.998430791042222,False,0.044720496894409933
Vermis_10,1.47041103992699,0.577036194381283,-0.8933748455457071,836.0,0.6108569758827913,0.998430791042222,False,-0.03850931677018643
Cingulum_Ant_L,27.54556814308311,26.700298485216056,-0.8452696578670533,817.0,0.9126949720928413,0.998430791042222,False,-0.014906832298136719
Occipital_Mid_L,19.394332169676236,21.2206582041461,1.826326034469865,708.0,0.3575342728207149,0.998430791042222,False,0.12049689440993794
Occipital_Sup_R,17.777336552865865,19.988890540897607,2.211553988031742,714.5,0.3908614461036465,0.998430791042222,False,0.1124223602484472
Occipital_Sup_L,20.10946670041595,23.285601813990912,3.1761351135749614,710.0,0.3675857853790475,0.998430791042222,False,0.11801242236024845
Lingual_R,23.33591668459326,25.942694574833176,2.606777890239915,744.0,0.5639967525529832,0.998430791042222,False,0.075776397515528
Lingual_L,22.669753154390744,25.687059012494952,3.0173058581042085,750.0,0.6032293923375978,0.998430791042222,False,0.06832298136645965
Cuneus_R,22.191103911313256,23.811856149898652,1.6207522385853963,732.0,0.48943237567141373,0.998430791042222,False,0.09068322981366461
Occipital_Inf_L,4.477227933803586,4.99441920040364,0.5171912666000544,782.0,0.8247478474892924,0.998430791042222,False,0.02857142857142858
Cuneus_L,23.538584999773146,26.639102322023934,3.100517322250788,712.0,0.37783571820550954,0.998430791042222,False,0.11552795031055896
Insula_R,32.560569988885426,30.932903004967212,-1.627666983918214,840.0,0.7422164017029504,0.998430791042222,False,-0.04347826086956519
Calcarine_R,25.232348809518168,28.559819243938993,3.3274704344208246,694.0,0.2921135645153031,0.998430791042222,False,0.13788819875776392
Calcarine_L,23.914902982192476,26.87876519412223,2.9638622119297544,702.5,0.3308199335541363,0.998430791042222,False,0.1273291925465838
Amygdala_R,11.763388425482173,5.611936762604995,-6.151451662877178,925.5,0.2270085333864782,0.998430791042222,False,-0.14968944099378878
Occipital_Inf_R,3.0997494179695995,1.798797093016944,-1.3009523249526556,790.0,0.8865212443511565,0.998430791042222,False,0.018633540372670843
Amygdala_L,9.551819592505044,6.684574798072282,-2.8672447944327626,941.5,0.17094277086223686,0.998430791042222,False,-0.16956521739130426
ParaHippocampal_R,16.404803114870845,14.791301746754616,-1.6135013681162285,834.0,0.7846878818456872,0.998430791042222,False,-0.03602484472049694
ParaHippocampal_L,17.961720846498643,17.43910287908883,-0.5226179674098148,822.0,0.8744259183192336,0.998430791042222,False,-0.02111801242236022
Hippocampus_R,23.466781187078816,21.13278993664716,-2.333991250431655,855.5,0.6335600245348709,0.998430791042222,False,-0.0627329192546584
Hippocampus_L,23.033951722194608,22.089585345645688,-0.9443663765489205,834.5,0.7821649679620554,0.998430791042222,False,-0.0366459627329192
Cingulum_Post_R,29.398885012793848,31.126926081598572,1.7280410688047247,741.0,0.5449113365434575,0.998430791042222,False,0.07950310559006213
Cingulum_Post_L,30.835181331925366,32.24090151773004,1.4057201858046717,746.0,0.5770264714770392,0.998430791042222,False,0.07329192546583851
Cingulum_Mid_R,32.73557590969306,33.26629603684628,0.5307201271532165,775.0,0.7785185361888718,0.998430791042222,False,0.037267080745341574
Cingulum_Mid_L,31.75390903058527,33.07238130738888,1.318472276803611,751.0,0.6100067333963222,0.998430791042222,False,0.0670807453416149
Cingulum_Ant_R,27.802922364835123,26.1093149402892,-1.6936074245459238,851.0,0.6644372652636528,0.998430791042222,False,-0.05714285714285716
Occipital_Mid_R,11.647545092522053,12.009170141802542,0.3616250492804891,749.0,0.5962574616334582,0.998430791042222,False,0.06956521739130439
Frontal_Sup_R,32.43996877471138,32.18634189219611,-0.2536268825152703,809.0,0.9733805992102311,1.0,False,-0.00496894409937898
Paracentral_Lobule_L,28.72180781235211,28.522309188089494,-0.19949862426261689,805.0,1.0,1.0,False,0.0
Precuneus_L,31.86633315128057,31.85197847459724,-0.014354676683332457,803.0,0.9885899571261101,1.0,False,0.00248447204968949
Putamen_L,28.301801374738222,28.09380423967039,-0.20799713506783135,801.5,0.9771821187002174,1.0,False,0.004347826086956497
Vermis_3,16.564682694259727,16.674522931619848,0.10984023736012105,799.0,0.9580731703872273,1.0,False,0.007453416149068359
Insula_L,31.773230920313694,31.971743777854957,0.1985128575412638,806.0,0.9961965371398717,1.0,False,-0.001242236024844745
