"Betweenness(Weight)","Closeness(Weight)","Degree(Weight)","Eigenvector","Information","LAC","name","Network","selected","shared name","Subgragh"
"0.0","0.2913007127439037","37.16499999999999","0.13888652622699738","11.572673797607422","49.41379310344828","Precuneus_L","54.951925934872214","false","Precuneus_L","1.9510522453192134E21"
"0.0","0.30161867695848754","38.84590000000001","0.14189516007900238","11.645971298217773","49.733333333333334","Precuneus_R","57.01624809462842","false","Precuneus_R","2.0364973521994535E21"
"0.0","0.2884334162352756","35.8973","0.13766178488731384","11.534494400024414","49.333333333333336","Cingulum_Mid_L","53.79962021540647","false","Cingulum_Mid_L","1.9167942073787362E21"
"0.0","0.29343296875724134","37.235499999999995","0.1397053599357605","11.572673797607422","49.93103448275862","Cingulum_Mid_R","55.02277500835875","false","Cingulum_Mid_R","1.9741257343226043E21"
"0.0","0.2809996586452035","33.60900000000001","0.13296028971672058","11.413321495056152","48.7037037037037","Supp_Motor_Area_L","51.080994809649816","false","Supp_Motor_Area_L","1.7881032850766708E21"
"0.0","0.2825124476885189","34.1198","0.13103125989437103","11.370555877685547","48.301886792452834","Supp_Motor_Area_R","50.38791221485636","false","Supp_Motor_Area_R","1.7365949124509927E21"
"0.0","0.2914306357395094","33.8279","0.13690432906150818","11.495240211486816","49.67857142857143","Frontal_Sup_Medial_L","52.92819933324752","false","Frontal_Sup_Medial_L","1.8957585972067303E21"
"3.0","0.28211718540484587","31.6874","0.13156276941299438","11.413321495056152","47.7037037037037","Frontal_Sup_Medial_R","50.37960891255275","false","Frontal_Sup_Medial_R","1.750712008432939E21"
"4.0","0.2724532412624112","31.643100000000008","0.13471877574920654","11.45486831665039","49.09090909090909","Paracentral_Lobule_L","52.10534995891398","false","Paracentral_Lobule_L","1.8357136514873714E21"
"10.0","0.2675833811175335","30.6817","0.12866392731666565","11.326515197753906","47.57692307692308","Paracentral_Lobule_R","49.46215761169249","false","Paracentral_Lobule_R","1.6744118828085396E21"
"0.0","0.295320890230949","35.796400000000006","0.13856516778469086","11.534494400024414","49.96491228070175","Frontal_Sup_L","53.9641882199531","false","Frontal_Sup_L","1.9420339278028923E21"
"0.0","0.2911019585678939","35.7046","0.13856516778469086","11.534494400024414","49.96491228070175","Frontal_Sup_R","53.964188219953094","false","Frontal_Sup_R","1.9420339278028923E21"
"0.0","0.2798480399462176","32.6043","0.13103125989437103","11.370555877685547","48.301886792452834","Frontal_Mid_L","50.38791221485636","false","Frontal_Mid_L","1.7365949124509927E21"
"0.0","0.2864800153538752","34.85540000000001","0.1358589380979538","11.495240211486816","49.0","Frontal_Mid_R","52.91414284783534","false","Frontal_Mid_R","1.8669174044555613E21"
"1.0","0.287063971289795","35.632200000000005","0.13377374410629272","11.45486831665039","48.50909090909091","Precentral_R","52.02707849185954","false","Precentral_R","1.8100494667983356E21"
"7.0","0.2947166838382668","37.25990000000002","0.14080385863780975","11.609814643859863","49.86440677966102","Postcentral_R","56.17494344670612","false","Postcentral_R","2.0052927548063335E21"
"0.0","0.2826916737290462","33.62960000000001","0.13098250329494476","11.370555877685547","48.18867924528302","Precentral_L","50.17824417526926","false","Precentral_L","1.7353028015704024E21"
"0.0","0.3009844437123234","37.227199999999996","0.1397053599357605","11.572673797607422","49.93103448275862","Postcentral_L","55.02277500835875","false","Postcentral_L","1.9741257343226043E21"
"12.0","0.2609971910766167","28.477999999999998","0.11971329152584076","11.186129570007324","44.08163265306123","Parietal_Sup_L","45.91214924452666","false","Parietal_Sup_L","1.449550812588628E21"
"10.0","0.2742935378949239","26.097700000000003","0.12410827726125717","11.413321495056152","42.333333333333336","Cingulum_Ant_L","46.617137979627486","false","Cingulum_Ant_L","1.5579379596581352E21"
"11.0","0.2777745868275953","27.8378","0.13305670022964478","11.572673797607422","45.310344827586206","Cingulum_Ant_R","51.69110642683463","false","Cingulum_Ant_R","1.7906973584620362E21"
"32.0","0.2963145392444231","34.696","0.14189520478248596","11.645971298217773","49.733333333333334","Cingulum_Post_L","57.01624809462841","false","Cingulum_Post_L","2.0364986188368487E21"
"3.0","0.291757630244072","32.62259999999999","0.14040397107601166","11.645971298217773","48.7","Cingulum_Post_R","56.31768014172006","false","Cingulum_Post_R","1.993918773209921E21"
"0.0","0.278246551955462","27.5802","0.1280403435230255","11.370555877685547","45.9622641509434","Frontal_Inf_Oper_L","48.46055915773891","false","Frontal_Inf_Oper_L","1.658220738460701E21"
"0.0","0.2740114879408792","26.8679","0.12591733038425446","11.326515197753906","45.46153846153846","Frontal_Inf_Tri_L","47.81598899685215","false","Frontal_Inf_Tri_L","1.6036873542603133E21"
"16.0","0.24881226252032845","23.718800000000005","0.10495423525571823","10.86181354522705","38.83720930232558","Parietal_Sup_R","40.16865079365078","false","Parietal_Sup_R","1.1141626817887664E21"
"32.0","0.2866758644313665","33.5875","0.13888654112815857","11.572673797607422","49.41379310344828","Parietal_Inf_L","54.951925934872214","false","Parietal_Inf_L","1.9510526675316784E21"
"0.0","0.27727948943469055","28.062399999999997","0.1214982271194458","11.186129570007324","45.142857142857146","Frontal_Inf_Oper_R","46.62426673567976","false","Frontal_Inf_Oper_R","1.493098791397952E21"
"0.0","0.26379977038221686","24.695500000000006","0.1170370802283287","11.084996223449707","43.53191489361702","Frontal_Inf_Tri_R","44.8354037267081","false","Frontal_Inf_Tri_R","1.3854652935785876E21"
"1.0","0.2549446498796773","26.795399999999994","0.12608611583709717","11.281137466430664","46.745098039215684","Parietal_Inf_R","48.68779778423857","false","Parietal_Inf_R","1.6079895585418474E21"
"63.0","0.32399742506852264","36.0392","0.14685794711112976","12.01502799987793","44.638888888888886","Insula_R","68.38621359491792","false","Insula_R","2.1814416248192106E21"
"436.0","0.29606508821567784","30.382600000000007","0.1372932642698288","11.813197135925293","43.261538461538464","Putamen_R","58.578846597588054","false","Putamen_R","1.9065454220017245E21"
"759.0","0.31902297811852404","34.3918","0.14452633261680603","11.960762023925781","44.51428571428571","Insula_L","65.77923185353619","false","Insula_L","2.112723449904978E21"
"224.0","0.28331233818954965","26.862500000000008","0.1277703046798706","11.572673797607422","42.206896551724135","Putamen_L","50.00262200507465","false","Putamen_L","1.6512336851138123E21"
"64.0","0.2959509616360314","29.71430000000001","0.13749665021896362","11.874377250671387","42.02985074626866","Rolandic_Oper_R","60.11275882027203","false","Rolandic_Oper_R","1.9121982839590046E21"
"111.0","0.29306764257368123","30.253000000000004","0.1385583132505417","11.748878479003906","45.3968253968254","Thalamus_L","57.654414221703895","false","Thalamus_L","1.9418418211312873E21"
"97.0","0.2678158606469187","26.0554","0.13526049256324768","11.645971298217773","45.333333333333336","Thalamus_R","53.85128231953769","false","Thalamus_R","1.8505064281509116E21"
"22.0","0.29401329946592625","28.853900000000007","0.13902902603149414","11.748878479003906","45.492063492063494","Rolandic_Oper_L","57.549296971579054","false","Rolandic_Oper_L","1.9550579157127827E21"
"21.0","0.27727531948434664","29.63159999999999","0.13812138140201569","11.572673797607422","48.793103448275865","SupraMarginal_R","54.45463232293187","false","SupraMarginal_R","1.9296142666679997E21"
"61.0","0.2449555632511007","19.115199999999998","0.11290647089481354","11.136366844177246","39.416666666666664","Cuneus_R","42.17566507716255","false","Cuneus_R","1.289396054439892E21"
"15.0","0.21386941288731817","10.304399999999998","0.05926406756043434","9.305342674255371","21.28","Occipital_Sup_R","23.0","false","Occipital_Sup_R","3.5524794962540285E20"
"84.0","0.26006084114176875","24.254100000000008","0.13628625869750977","11.609814643859863","46.67796610169491","Cuneus_L","54.07733140874552","false","Cuneus_L","1.8786801029948113E21"
"32.0","0.23039298211865158","18.0652","0.11073129624128342","11.031949043273926","40.04347826086956","Occipital_Sup_L","42.538888888888884","false","Occipital_Sup_L","1.2401935248234276E21"
"18.0","0.2692321256452297","24.5321","0.14045119285583496","11.645971298217773","48.766666666666666","Calcarine_L","56.41178653131393","false","Calcarine_L","1.995260282948924E21"
"4.0","0.27850063589473467","25.258799999999994","0.13933874666690826","11.645971298217773","47.9","Calcarine_R","55.65530203189063","false","Calcarine_R","1.963778432703744E21"
"51.0","0.2848928744390568","28.7751","0.13355615735054016","11.495240211486816","47.142857142857146","Caudate_L","51.08665259023696","false","Caudate_L","1.8041660768351295E21"
"31.0","0.28293427018424505","28.57519999999999","0.13392752408981323","11.534494400024414","46.70175438596491","Caudate_R","51.67955888547397","false","Caudate_R","1.8142133261288163E21"
"1.0","0.27594190223268866","27.164200000000005","0.1382988542318344","11.572673797607422","48.827586206896555","SupraMarginal_L","53.96853747182934","false","SupraMarginal_L","1.9345762482949435E21"
"33.0","0.22718730328944153","9.191699999999999","0.045050088316202164","8.898764610290527","17.181818181818183","Pallidum_L","18.507169365722","false","Pallidum_L","2.0527685058094223E20"
"387.0","0.2742781246463502","24.913999999999994","0.12782138586044312","11.681178092956543","40.42622950819672","Temporal_Sup_L","52.296349967788764","false","Temporal_Sup_L","1.6525542249670503E21"
"98.0","0.23915762600786827","20.724400000000006","0.11137019097805023","11.084996223449707","39.91489361702128","Angular_R","42.87509821096778","false","Angular_R","1.2545460746233924E21"
"125.0","0.2341780579434936","13.985500000000002","0.08965170383453369","10.535473823547363","31.263157894736842","Heschl_L","33.01387759940392","false","Heschl_L","8.129536351984146E20"
"18.0","0.24715513794454758","23.438599999999994","0.1299734115600586","11.413321495056152","46.55555555555556","Angular_L","49.82024673506343","false","Angular_L","1.7086680911616682E21"
"23.0","0.24692833214505422","19.486399999999993","0.10878819972276688","11.136366844177246","37.083333333333336","Hippocampus_L","40.743795637229475","false","Hippocampus_L","1.1970498848181484E21"
"25.0","0.19309878275303818","4.3795","0.017293941229581833","6.605795383453369","8.181818181818182","Frontal_Med_Orb_L","9.12857142857143","false","Frontal_Med_Orb_L","3.025078425016389E19"
"36.0","0.20245539458529876","6.5976","0.021897021681070328","8.051825523376465","10.588235294117647","Frontal_Med_Orb_R","14.151373626373626","false","Frontal_Med_Orb_R","4.849743479980425E19"
"8.0","0.19923310944911726","5.7444","0.023479050025343895","7.4035563468933105","10.714285714285714","ParaHippocampal_L","11.708041958041958","false","ParaHippocampal_L","5.5758323716613734E19"
"10.0","0.2244714949310941","9.1973","0.061559781432151794","9.305342674255371","22.8","Heschl_R","23.75","false","Heschl_R","3.833035457165724E20"
"321.0","0.2629069121747079","23.1905","0.13133126497268677","11.609814643859863","43.25423728813559","Temporal_Sup_R","51.26427874219619","false","Temporal_Sup_R","1.7445561506922769E21"
"358.0","0.23000869110661534","12.680800000000001","0.05898106470704079","10.141173362731934","19.454545454545453","Cerebelum_4_5_L","25.2097791398488","false","Cerebelum_4_5_L","3.518632482148293E20"
"642.0","0.261661152022068","20.306200000000004","0.10418327152729034","11.326515197753906","32.69230769230769","Vermis_4_5","41.689830126454055","false","Vermis_4_5","1.0978541623756393E21"
"173.0","0.26190687381917854","20.247000000000003","0.10355530679225922","11.326515197753906","32.30769230769231","Lingual_R","41.061734324603776","false","Lingual_R","1.0846594598923739E21"
"31.0","0.21811743140193704","13.369100000000003","0.08871474862098694","10.462678909301758","31.62162162162162","Occipital_Mid_L","33.012426900584785","false","Occipital_Mid_L","7.96050007315777E20"
"718.0","0.1719675872704807","3.5039","0.004659967962652445","5.600076198577881","4.0","Frontal_Sup_Orb_L","5.028571428571428","false","Frontal_Sup_Orb_L","2.19641576372672922E18"
"0.0","0.16523798464766046","2.6539","0.0024365305434912443","4.770090579986572","4.666666666666667","Frontal_Mid_Orb_L","5.6","false","Frontal_Mid_Orb_L","6.0047147491393536E17"
"46.0","0.1987440129427211","5.6129","0.016299143433570862","7.4035563468933105","9.285714285714286","Frontal_Sup_Orb_R","12.041758241758243","false","Frontal_Sup_Orb_R","2.687065460893863E19"
"86.0","0.2510568513490299","21.5024","0.117231585085392","11.413321495056152","38.2962962962963","Hippocampus_R","44.96483331511588","false","Hippocampus_R","1.390074164847248E21"
"28.0","0.1933605797589932","4.963399999999999","0.018435033038258553","7.156619548797607","8.615384615384615","ParaHippocampal_R","10.219696969696969","false","ParaHippocampal_R","3.43745114062308E19"
"228.0","0.2573899459596218","20.0652","0.11034351587295532","11.370555877685547","34.867924528301884","Lingual_L","42.26785595981138","false","Lingual_L","1.2315224066908792E21"
"5.0","0.21871457610733946","7.745","0.04468725621700287","8.58901309967041","16.9","Pallidum_R","17.8390092879257","false","Pallidum_R","2.019835757612415E20"
"236.0","0.23387300522237373","9.984399999999997","0.04219331219792366","9.305342674255371","14.64","Frontal_Inf_Orb_L","19.088312231247013","false","Frontal_Inf_Orb_L","1.8006774056050334E20"
"145.0","0.22922657038744174","9.3221","0.04188412427902222","9.17676067352295","14.666666666666666","Frontal_Inf_Orb_R","18.609448160535116","false","Frontal_Inf_Orb_R","1.7743837724993284E20"
"2.0","0.19876015986646173","4.8877","0.03361775726079941","7.4035563468933105","12.0","Temporal_Mid_R","12.923076923076925","false","Temporal_Mid_R","1.1431050647940628E20"
"95.0","0.20929076525226575","7.288099999999999","0.03969597816467285","8.58901309967041","13.8","Temporal_Mid_L","15.72374374851155","false","Temporal_Mid_L","1.593828833938511E20"
"32.0","0.16502098157351203","2.3358","0.0059838914312422276","4.770090579986572","3.3333333333333335","Cerebelum_3_L","4.8","false","Cerebelum_3_L","3.6217302789988024E18"
"178.0","0.19121305385700035","5.1309","0.018206238746643066","7.156619548797607","7.230769230769231","Vermis_3","10.05","false","Vermis_3","3.352657243693646E19"
"182.0","0.1968996444832157","5.6048","0.023956310003995895","7.63404655456543","9.333333333333334","Cerebelum_4_5_R","11.191558441558442","false","Cerebelum_4_5_R","5.804817103066654E19"
"0.0","0.15083222216631068","2.3630999999999998","0.0024365305434912443","4.770090579986572","4.666666666666667","Frontal_Mid_Orb_R","5.6","false","Frontal_Mid_Orb_R","6.0047147491393536E17"
"0.0","0.15860785028853908","1.9151000000000002","0.010019012726843357","4.292903900146484","4.0","Occipital_Mid_R","5.0","false","Occipital_Mid_R","1.0153097079069606E19"
"0.0","0.14547947758365715","1.3025","0.0011412104358896613","3.1796228885650635","2.0","Cerebelum_3_R","3.0","false","Cerebelum_3_R","1.3172862265327616E17"
"148.0","0.19380390657682395","6.380499999999998","0.025139490142464638","8.241734504699707","9.444444444444445","Fusiform_L","12.222788975730152","false","Fusiform_L","6.392365770429222E19"
"63.0","0.20858939308761487","5.279000000000001","0.02350926399230957","7.4035563468933105","10.857142857142858","Temporal_Pole_Sup_L","11.87692307692308","false","Temporal_Pole_Sup_L","5.590192433324779E19"
"0.0","0.0608106282434721","0.4463","2.9382546395950726E-10","1.7883214950561523","0.0","Olfactory_L","0.0","false","Olfactory_L","8733.8583984375"
"184.0","0.07028423628184416","0.7719","2.7191452645070058E-8","2.524850606918335","0.0","Olfactory_R","0.0","false","Olfactory_R","7.4784832E7"
"194.0","0.18314662769799658","4.3506","0.01593736931681633","6.891401290893555","7.833333333333333","Fusiform_R","8.545454545454547","false","Fusiform_R","2.5691056753218683E19"
"186.0","0.1912030019381881","3.8082000000000003","0.013761758804321289","6.605795383453369","7.818181818181818","Temporal_Pole_Sup_R","8.600000000000001","false","Temporal_Pole_Sup_R","1.9155636603532083E19"
"0.0","0.13862217070309352","0.6955","0.0012217664625495672","2.524850606918335","1.0","Temporal_Inf_L","2.0","false","Temporal_Inf_L","1.50981964608831488E17"
"540.0","0.11992019609625187","0.6908000000000001","8.7498570792377E-5","2.524850606918335","0.0","Rectus_L","0.0","false","Rectus_L","7.74373677989888E14"
"167.0","0.1551847423108099","1.7283","0.003675455693155527","4.292903900146484","1.6","Cerebelum_6_L","3.0","false","Cerebelum_6_L","1.36637863043897754E18"
"0.0","0.12620447548035008","0.6677","4.553445032797754E-4","2.524850606918335","1.0","Vermis_1_2","2.0","false","Vermis_1_2","2.0971470607876096E16"
"0.0","0.10920734232357034","0.6877","7.595941860927269E-5","2.524850606918335","1.0","Vermis_6","2.0","false","Vermis_6","5.83595525668864E14"
"37.0","0.11714484276863105","0.9504000000000001","3.704014525283128E-4","3.1796228885650635","0.6666666666666666","Cerebelum_6_R","1.5","false","Cerebelum_6_R","1.3876950212804608E16"
"364.0","0.08884339256423748","0.65","1.6092895975816646E-6","2.524850606918335","0.0","Rectus_R","0.0","false","Rectus_R","2.61949210624E11"
"0.0","0.11959485286149199","0.3159","2.5897586601786315E-4","1.7883214950561523","0.0","Temporal_Pole_Mid_R","0.0","false","Temporal_Pole_Mid_R","6.783709717987328E15"
